t	r_T1	r_T2	r_P1	r_P2	r_O1	r_O2	p_T1	p_T2	p_P1	p_P2	p_O1	p_O2	ψ_T1	ψ_T2	ψ_P1	ψ_P2
0.0	1.0	1.0	1.0	1.0	0.01948199387466099	0.5800670225690208	1.0	1.0	1.0	1.0	0.019515622343050223	0.5839729874226743	0.6762423483580198	0.34173544787150073	1.0	1.0
0.266089860241387	0.9915645054510016	1.0	1.0	1.0	0.019481907350879443	0.5800586724935435	0.999872386733786	1.0	1.0	1.0	0.019515285206246194	0.583946647185093	0.67624173525215	0.3417354478706786	1.0	1.0
1.266089860241387	0.9604943181765065	1.0	1.0	1.0	0.019481588085961777	0.5800281321196938	0.9972473795868197	1.0	1.0	1.0	0.019514040515440405	0.5838487405197638	0.676179925157456	0.3417354478677271	1.0	1.0
2.266089860241387	0.9303980083841159	1.0	1.0	1.0	0.019481277943593608	0.5800019144123073	0.991593788700739	1.0	1.0	1.0	0.019512830339692627	0.5837525672546346	0.6759039294007924	0.3417354478649821	1.0	1.0
3.266089860241387	0.9012450504338723	1.0	1.0	1.0	0.01948097666311132	0.5799867148803893	0.9833436717579951	1.0	1.0	1.0	0.019511653731759355	0.5836582703363834	0.6752839492361271	0.3417354478624293	1.0	1.0
4.266089860241387	0.873005875494772	1.0	1.0	1.0	0.01948068399129934	0.5799918473183444	0.9728790087732565	1.0	1.0	1.0	0.019510509770016813	0.5835661916939637	0.6742213842229119	0.3417354478600552	1.0	1.0
5.266089860241387	0.845651841554129	1.0	1.0	1.0	0.019480399682177338	0.5800285207400324	0.9605372311038058	1.0	1.0	1.0	0.01950939755778257	0.5834769235280562	0.6726439627647379	0.3417354478578473	1.0	1.0
6.266089860241387	0.819155204366977	1.0	1.0	1.0	0.019480123496793483	0.5801092423855453	0.9466161480756704	1.0	1.0	1.0	0.01950831622265457	0.5833913418086282	0.6705015204006778	0.34173544785579396	1.0	1.0
7.266089860241387	0.7934890893160479	1.0	1.0	1.0	0.01947985520302362	0.5802473270732811	0.931378336606921	1.0	1.0	1.0	0.019507264915867104	0.5833106253375516	0.6677623462283638	0.3417354478538844	1.0	1.0
8.266089860241387	0.7686274641537819	1.0	1.0	1.0	0.019479594575376184	0.5804564948254843	0.9150550521209546	1.0	1.0	1.0	0.019506242811663382	0.5832362631742141	0.6644100271984432	0.34173544785210846	1.0	1.0
9.266089860241387	0.7445451125987248	1.0	1.0	1.0	0.01947934139480268	0.5807505406808711	0.8978497127222669	1.0	1.0	1.0	0.01950524910668421	0.5831700527230883	0.6604407283095967	0.34173544785045684	1.0	1.0
10.266089860241387	0.7212176087595308	1.0	1.0	1.0	0.019479095448513596	0.5811430627673103	0.8799410029719371	1.0	1.0	1.0	0.019504283019372442	0.5831140903480662	0.6558608540722635	0.34173544784892085	1.0	1.0
11.266089860241387	0.6986212923606309	1.0	1.0	1.0	0.019478856529799547	0.581647236910734	0.8614856385755683	1.0	1.0	1.0	0.019503343789392807	0.5830707560100458	0.6506850431046254	0.3417354478474924	1.0	1.0
12.266089860241387	0.6767332447444383	1.0	1.0	1.0	0.019478624437857556	0.5822756282019207	0.8426208288165387	1.0	1.0	1.0	0.01950243067706671	0.583042693119897	0.6449344534714092	0.3417354478461639	1.0	1.0
13.266089860241387	0.6555312656257516	1.0	1.0	1.0	0.019478398977622293	0.5830400319571595	0.8234664695731188	1.0	1.0	1.0	0.019501542962821663	0.5830327845544903	0.6386353014592113	0.3417354478449284	1.0	1.0
14.266089860241387	0.6349938505747776	1.0	1.0	1.0	0.01947817995960212	0.5839513383431669	0.8041270961966501	1.0	1.0	1.0	0.019500679946654977	0.5830441255934978	0.6318176209764443	0.34173544784377935	1.0	1.0
15.266089860241387	0.6151001692059368	1.0	1.0	1.0	0.019477967199719847	0.5850194165611462	0.7846936223526615	1.0	1.0	1.0	0.01949984094761135	0.5830799943928834	0.6245142147383821	0.34173544784271076	1.0	1.0
16.266089860241387	0.5958300440503274	1.0	1.0	1.0	0.019477760519158005	0.5862530158830077	0.7652448880956663	1.0	1.0	1.0	0.019499025303274044	0.583143820510674	0.6167597719074105	0.341735447841717	1.0	1.0
17.266089860241387	0.5771639300904209	1.0	1.0	1.0	0.01947755974420857	0.5876596819967045	0.7458490379241443	1.0	1.0	1.0	0.019498232369269248	0.583239151934933	0.6085901299581181	0.3417354478407928	1.0	1.0
18.266089860241387	0.5590828949362309	1.0	1.0	1.0	0.019477364706126977	0.5892456880450493	0.7265647473115996	1.0	1.0	1.0	0.01949746151878337	0.5833696210260383	0.6000416612730191	0.34173544783993326	1.0	1.0
19.266089860241387	0.5415685996228483	1.0	1.0	1.0	0.019477175240990276	0.5910159804349056	0.7074423142029476	1.0	1.0	1.0	0.019496712142092892	0.5835389097688025	0.5911507673890025	0.3417354478391339	1.0	1.0
20.266089860241387	0.5246032800098674	1.0	1.0	1.0	0.01947699118955938	0.5929741399565606	0.6885246301763782	1.0	1.0	1.0	0.019495983646106475	0.5837507147282803	0.5819534659438783	0.3417354478383905	1.0	1.0
21.266089860241387	0.5081697287638366	1.0	1.0	1.0	0.01947681239714523	0.5951223589959913	0.6698480443756909	1.0	1.0	1.0	0.019495275453919044	0.5840087121102746	0.5724850572493344	0.34173544783769916	1.0	1.0
22.266089860241387	0.49225127790545786	1.0	1.0	1.0	0.01947663871347877	0.5974614356605747	0.6514431318958783	1.0	1.0	1.0	0.0194945870043775	0.5843165233380128	0.5627798590702537	0.3417354478370562	1.0	1.0
23.266089860241387	0.4768317819038362	1.0	1.0	1.0	0.01947646999258467	0.5999907854929029	0.6333353770367092	1.0	1.0	1.0	0.019493917751657798	0.584677681565245	0.5528709996463962	0.34173544783645826	1.0	1.0
24.266089860241387	0.4618956013006288	1.0	1.0	1.0	0.01947630609265863	0.6027084711459482	0.615545780708514	1.0	1.0	1.0	0.019493267164853133	0.5850955995488925	0.5427902602737609	0.34173544783590215	1.0	1.0
25.266089860241387	0.4474275868474867	1.0	1.0	1.0	0.019476146875948203	0.6056112499707174	0.5980914002664037	1.0	1.0	1.0	0.019492634727572872	0.5855735392980164	0.5325679598897614	0.341735447835385	1.0	1.0
26.266089860241387	0.43341306414069924	1.0	1.0	1.0	0.019475992208637025	0.6086946389649794	0.5809858291504791	1.0	1.0	1.0	0.019492019937552046	0.5861145838979972	0.5222328750966186	0.34173544783490406	1.0	1.0
27.266089860241387	0.4198378187374569	1.0	1.0	1.0	0.019475841960732335	0.6119529959922141	0.5642396229083516	1.0	1.0	1.0	0.019491422306271086	0.5867216118782118	0.5118121899270168	0.34173544783445675	1.0	1.0
28.266089860241387	0.4066880817386364	1.0	1.0	1.0	0.019475696005955726	0.6153796156476729	0.5478606774619541	1.0	1.0	1.0	0.01949084135858557	0.5873972744481366	0.5013314704191797	0.3417354478340408	1.0	1.0
29.266089860241387	0.39395051582348556	1.0	1.0	1.0	0.019475554221637027	0.6189668376647796	0.5318545648437384	1.0	1.0	1.0	0.01949027663236569	0.5881439758717114	0.49081465973760663	0.34173544783365395	1.0	1.0
30.266089860241387	0.3816122017220426	1.0	1.0	1.0	0.019475416488611178	0.6227061653556526	0.5162248310595462	1.0	1.0	1.0	0.019489727678145247	0.5889638571849488	0.4802840901618207	0.3417354478332942	1.0	1.0
31.266089860241387	0.3696606251115703	1.0	1.0	1.0	0.0194752826911181	0.6265883912915224	0.5009732602292121	1.0	1.0	1.0	0.01948919405877988	0.5898587833898913	0.46976050877842884	0.34173544783295956	1.0	1.0
32.26608986024139	0.3580836639237137	1.0	1.0	1.0	0.01947515271670539	0.6306037272692319	0.4861001087046412	1.0	1.0	1.0	0.019488675349114335	0.5908303341823054	0.45926311416025284	0.3417354478326484	1.0	1.0
33.26608986024139	0.346869576049508	1.0	1.0	1.0	0.019475026456133807	0.6347419355848578	0.4716043124627381	1.0	1.0	1.0	0.019488171135658483	0.5918797981943793	0.44880960170793766	0.34173544783235904	1.0	1.0
34.26608986024139	0.3360069874297659	1.0	1.0	1.0	0.019474903803285478	0.6389924587401516	0.45748367071185103	1.0	1.0	1.0	0.019487681016271963	0.5930081706604998	0.438416215671068	0.34173544783208987	1.0	1.0
35.26608986024139	0.32548488051876506	1.0	1.0	1.0	0.01947478465507469	0.6433445449280744	0.4437350083305989	1.0	1.0	1.0	0.019487204599857123	0.5942161543469523	0.4280978061634401	0.34173544783183957	1.0	1.0
36.26608986024139	0.3152925831095348	1.0	1.0	1.0	0.01947466891136126	0.647787366959175	0.43035431947284936	1.0	1.0	1.0	0.019486741506060123	0.5955041635276205	0.4178678897460494	0.3417354478316068	1.0	1.0
37.26608986024139	0.30541975750940775	1.0	1.0	1.0	0.01947455647486637	0.6523101326753283	0.4173368944184553	1.0	1.0	1.0	0.019486291364979938	0.5968723307393089	0.40773871237625836	0.3417354478313903	1.0	1.0
38.26608986024139	0.29585639005485814	1.0	1.0	1.0	0.019474447251090803	0.6569021853239554	0.4046774315227795	1.0	1.0	1.0	0.019485853816885106	0.5983205160133093	0.3977213137166564	0.341735447831189	1.0	1.0
39.26608986024139	0.2865927809549909	1.0	1.0	1.0	0.01947434114823553	0.6615530928074415	0.3923701359160499	1.0	1.0	1.0	0.019485428511937977	0.5998483182547018	0.3878255919659655	0.34173544783100174	1.0	1.0
40.26608986024139	0.27761953445338144	1.0	1.0	1.0	0.019474238077124548	0.6662527251548214	0.3804088064235288	1.0	1.0	1.0	0.019485015109926302	0.6014550884273877	0.37806036852022334	0.3417354478308276	1.0	1.0
41.26608986024139	0.2689275492982867	1.0	1.0	1.0	0.019474137951129934	0.6709913199658195	0.368786912016969	1.0	1.0	1.0	0.019484613280001964	0.6031399442002059	0.36843345189823506	0.3417354478306657	1.0	1.0
42.26608986024139	0.2605080095115623	1.0	1.0	1.0	0.019474040686099037	0.6757665043640586	0.3574976589647468	1.0	1.0	1.0	0.01948422270042665	0.6049018351422425	0.3574976589647468	0.34173544783051507	1.0	1.0
43.26608986024139	0.25235237544692224	1.0	1.0	1.0	0.019473946200283747	0.6805803689863306	0.3465340497205207	1.0	1.0	1.0	0.01948384305832431	0.606739815429393	0.3465340497205207	0.341735447830375	1.0	1.0
44.26608986024139	0.24445237512847323	1.0	1.0	1.0	0.019473854414271793	0.6854204364427214	0.3358889344765762	1.0	1.0	1.0	0.019483474049440216	0.6086527922727656	0.3358889344765762	0.34173544783024473	1.0	1.0
45.26608986024139	0.23679999586073705	1.0	1.0	1.0	0.01947376525092	0.6902750279957787	0.32555505620667974	1.0	1.0	1.0	0.01948311537790644	0.6106393922594732	0.32555505620667974	0.3417354478301236	1.0	1.0
46.26608986024139	0.2293874761016524	1.0	1.0	1.0	0.019473678635289454	0.6951336233537928	0.3155250899329427	1.0	1.0	1.0	0.019482766756013604	0.6126979982279649	0.3155250899329427	0.341735447830011	1.0	1.0
47.26608986024139	0.2222072975903127	1.0	1.0	1.0	0.01947359449458251	0.6999867916470263	0.3057916768706886	1.0	1.0	1.0	0.01948242790398873	0.6148267835780271	0.3057916768706886	0.34173544782990617	1.0	1.0
48.26608986024139	0.21525217772145583	1.0	1.0	1.0	0.019473512758081624	0.7048261190160676	0.29634745403356383	1.0	1.0	1.0	0.019482098549779024	0.6170237439414731	0.29634745403356383	0.34173544782980875	1.0	1.0
49.26608986024139	0.2085150621589707	1.0	1.0	1.0	0.019473433357089894	0.7096441348978682	0.28718507981718383	1.0	1.0	1.0	0.019481778428841436	0.6192867262219524	0.28718507981718383	0.34173544782971815	1.0	1.0
50.26608986024139	0.20198911768092975	1.0	1.0	1.0	0.01947335622487335	0.7144342386677422	0.27829725602261207	1.0	1.0	1.0	0.019481467283937893	0.6216134550589303	0.27829725602261207	0.3417354478296339	1.0	1.0
51.26608986024139	0.19566772524888967	1.0	1.0	1.0	0.019473281296604843	0.7191906279175384	0.26967674673018033	1.0	1.0	1.0	0.019481164864935976	0.6240015568062317	0.26967674673018033	0.3417354478295555	1.0	1.0
52.26608986024139	0.18954447329443092	1.0	1.0	1.0	0.01947320850930958	0.7239082293239867	0.2613163943888971	1.0	1.0	1.0	0.019480870928614964	0.6264485811411693	0.2613163943888971	0.3417354478294826	1.0	1.0
53.26608986024139	0.18361315121612692	1.0	1.0	1.0	0.019473137801812174	0.7285826327860537	0.2532091334463591	1.0	1.0	1.0	0.019480585238477094	0.628952020437726	0.2532091334463591	0.34173544782941484	1.0	1.0
54.26608986024139	0.1778677430803472	1.0	1.0	1.0	0.019473069114685247	0.7332100292828432	0.24534800180814303	1.0	1.0	1.0	0.01948030756456386	0.6315093270479792	0.24534800180814303	0.3417354478293518	1.0	1.0
55.26608986024139	0.17230242151950512	1.0	1.0	1.0	0.019473002390199473	0.737787152719657	0.23772615038363523	1.0	1.0	1.0	0.01948003768327728	0.6341179286412654	0.23772615038363523	0.34173544782929316	1.0	1.0
56.26608986024139	0.16691154182156176	1.0	1.0	1.0	0.019472937572275063	0.7423112258841157	0.23033685094672798	1.0	1.0	1.0	0.01947977537720594	0.6367752417516324	0.23033685094672798	0.34173544782923865	1.0	1.0
57.26608986024139	0.16168963620479074	1.0	1.0	1.0	0.019472874606434633	0.7467799105214086	0.22317350251439685	1.0	1.0	1.0	0.01947952043495575	0.6394786836819288	0.22317350251439685	0.34173544782918797	1.0	1.0
58.26608986024139	0.1566314082719976	1.0	1.0	1.0	0.019472813439757413	0.7511912614526575	0.21622963642353288	1.0	1.0	1.0	0.01947927265098522	0.642225682908258	0.21622963642353288	0.3417354478291408	1.0	1.0
59.26608986024139	0.15173172763856824	1.0	1.0	1.0	0.01947275402083477	0.755543684598278	0.20949892026623682	1.0	1.0	1.0	0.019479031825445223	0.6450136881221882	0.20949892026623682	0.3417354478290969	1.0	1.0
60.26608986024139	0.14698562472889845	1.0	1.0	1.0	0.019472696299727005	0.7598358987248462	0.20297516082582126	1.0	1.0	1.0	0.019478797764023024	0.6478401760406215	0.20297516082582126	0.3417354478290561	1.0	1.0
61.26608986024139	0.14238828573592613	1.0	1.0	1.0	0.019472640227921372	0.7640669007055941	0.19665230613976997	1.0	1.0	1.0	0.01947857027779056	0.650702658105024	0.19665230613976997	0.3417354478290182	1.0	1.0
62.26608986024139	0.1379350477386543	1.0	1.0	1.0	0.019472585758291316	0.7682359340680845	0.19052444680165911	1.0	1.0	1.0	0.019478349183056784	0.6535986861831767	0.19052444680165911	0.34173544782898296	1.0	1.0
63.26608986024139	0.13362139397271267	1.0	1.0	1.0	0.019472532845056855	0.7723424605951724	0.18458581660136184	1.0	1.0	1.0	0.01947813430122403	0.6565258573779752	0.18458581660136184	0.34173544782895016	1.0	1.0
64.26608986024138	0.12944294924916047	1.0	1.0	1.0	0.01947248144374611	0.7763861347448193	0.17883079259156623	1.0	1.0	1.0	0.019477925458648224	0.6594818180393007	0.17883079259156623	0.3417354478289197	1.0	1.0
65.26608986024138	0.12539547551688474	1.0	1.0	1.0	0.019472431511157916	0.7803667806588951	0.17325389465858476	1.0	1.0	1.0	0.01947772248650291	0.6624642670667452	0.17325389465858476	0.3417354478288913	1.0	1.0
66.26608986024138	0.12147486756409234	1.0	1.0	1.0	0.019472383005325535	0.7842843715393046	0.16784978466648784	1.0	1.0	1.0	0.01947752522064692	0.6654709585831003	0.16784978466648784	0.34173544782886495	1.0	1.0
67.26608986024138	0.11767714885453662	1.0	1.0	1.0	0.019472335885481362	0.7881390111804725	0.16261326523563263	1.0	1.0	1.0	0.01947733350149566	0.6684997040510907	0.16261326523563263	0.3417354478288404	1.0	1.0
68.26608986024138	0.11399846749425491	1.0	1.0	1.0	0.019472290112022672	0.79193091745949	0.15753927820957514	1.0	1.0	1.0	0.019477147173895867	0.6715483738988706	0.15753927820957514	0.3417354478288176	1.0	1.0
69.26608986024138	0.11043509232472655	1.0	1.0	1.0	0.01947224564647834	0.795660407598392	0.15262290285805227	1.0	1.0	1.0	0.019476966087003746	0.6746148987133433	0.15262290285805227	0.34173544782879633	1.0	1.0
70.26608986024138	0.10698340913848864	1.0	1.0	1.0	0.019472202451476486	0.7993278850265382	0.1478593538581172	1.0	1.0	1.0	0.019476790094166453	0.6776972700543976	0.1478593538581172	0.3417354478287766	1.0	1.0
71.26608986024138	0.10363991701337107	1.0	1.0	1.0	0.019472160490713097	0.8029338276845546	0.14324397909052716	1.0	1.0	1.0	0.019476619052806746	0.6807935409376757	0.14324397909052716	0.3417354478287582	1.0	1.0
72.26608986024138	0.10040122476163303	1.0	1.0	1.0	0.01947211972892149	0.8064787776244391	0.13877225728405404	1.0	1.0	1.0	0.0194764528243108	0.6839018260284888	0.13877225728405404	0.3417354478287411	1.0	1.0
73.26608986024138	0.09726404749039924	1.0	1.0	1.0	0.01947208013184267	0.8099633317730718	0.13443979553645022	1.0	1.0	1.0	0.019476291273919057	0.6870203015849353	0.13443979553645022	0.3417354478287252	1.0	1.0
74.26608986024138	0.09422520326990738	1.0	1.0	1.0	0.019472041666196566	0.8133881337383496	0.13024232673730524	1.0	1.0	1.0	0.019476134270620057	0.6901472051841484	0.13024232673730524	0.34173544782871046	1.0	1.0
75.26608986024138	0.09128160990618746	1.0	1.0	1.0	0.01947200429965402	0.8167538665484133	0.1261757069149211	1.0	1.0	1.0	0.019475981687047127	0.6932808352618611	0.1261757069149211	0.34173544782869675	1.0	1.0
76.26608986024138	0.08843028181489967	1.0	1.0	1.0	0.01947196800080965	0.8200612462249081	0.12223591252657667	1.0	1.0	1.0	0.019475833399377907	0.6964195504921064	0.12223591252657667	0.341735447828684	1.0	1.0
77.26608986024138	0.08566832699316011	1.0	1.0	1.0	0.019471932739155432	0.8233110161009067	0.11841903770910225	1.0	1.0	1.0	0.019475689287236607	0.6995617690308357	0.11841903770910225	0.3417354478286721	1.0	1.0
78.26608986024138	0.0829929440862828	1.0	1.0	1.0	0.01947189848505507	0.8265039418030328	0.11472129150451472	1.0	1.0	1.0	0.019475549233598906	0.7027059676445165	0.11472129150451472	0.34173544782866105	1.0	1.0
79.26608986024138	0.08040141954646315	1.0	1.0	1.0	0.019471865209719084	0.8296408068254726	0.11113899507353663	1.0	1.0	1.0	0.019475413124699477	0.7058506807423253	0.11113899507353663	0.3417354478286508	1.0	1.0
80.26608986024138	0.0778911248805208	1.0	1.0	1.0	0.01947183288518061	0.8327224086309996	0.10766857890811625	1.0	1.0	1.0	0.019475280849942	0.708994499328368	0.10766857890811625	0.34173544782864124	1.0	1.0
81.26608986024138	0.07545951398391045	1.0	1.0	1.0	0.019471801484271904	0.8357495552208841	0.1043065800525536	1.0	1.0	1.0	0.01947515230181165	0.7121360698884078	0.1043065800525536	0.34173544782863235	1.0	1.0
82.26608986024138	0.07310412055829654	1.0	1.0	1.0	0.019471770980601506	0.8387230621216759	0.10104963934149822	1.0	1.0	1.0	0.019475027375789964	0.7152740932238352	0.10104963934149822	0.3417354478286241	1.0	1.0
83.26608986024138	0.07082255561007278	1.0	1.0	1.0	0.019471741348532048	0.8416437497423704	0.09789449866190127	1.0	1.0	1.0	0.019474905970272027	0.7184073232440625	0.09789449866190127	0.34173544782861637	1.0	1.0
84.26608986024138	0.0686125050272889	1.0	1.0	1.0	0.01947171256315872	0.8445124410604472	0.094837998244957	1.0	1.0	1.0	0.01947478798648594	0.7215345657271456	0.094837998244957	0.3417354478286092	1.0	1.0
85.26608986024138	0.06647172723252749	1.0	1.0	1.0	0.01947168460028833	0.8473299595997466	0.09187707399314442	1.0	1.0	1.0	0.01947467332841447	0.7246546770571998	0.09187707399314442	0.34173544782860255	1.0	1.0
86.26608986024138	0.06439805090935004	1.0	1.0	1.0	0.019471657436418974	0.8500971276671709	0.08900875484666376	1.0	1.0	1.0	0.01947456190271885	0.7277665629460908	0.08900875484666376	0.34173544782859633	1.0	1.0
87.26608986024138	0.062389372800006115	1.0	1.0	1.0	0.019471631048720288	0.8528147648188035	0.08623016019284357	1.0	1.0	1.0	0.019474453618664657	0.730869177145908	0.08623016019284357	0.3417354478285906	1.0	1.0
88.26608986024138	0.060443655572172295	1.0	1.0	1.0	0.019471605415014248	0.8554836865292634	0.08353849732146032	1.0	1.0	1.0	0.019474348388049727	0.7339615201578705	0.08353849732146032	0.3417354478285853	1.0	1.0
89.26608986024138	0.05855892575255681	1.0	1.0	1.0	0.01947158051375654	0.8581047030410052	0.08093105892835567	1.0	1.0	1.0	0.01947424612513404	0.7370426379425518	0.08093105892835567	0.3417354478285803	1.0	1.0
90.26608986024138	0.056733271725274294	1.0	1.0	1.0	0.01947155632401845	0.8606786183728482	0.07840522066924743	1.0	1.0	1.0	0.019474146746571514	0.7401116206356404	0.07840522066924743	0.3417354478285757	1.0	1.0
91.26608986024138	0.05496484179296024	1.0	1.0	1.0	0.01947153282546927	0.8632062294693269	0.07595843876520111	1.0	1.0	1.0	0.019474050171343696	0.743167601272853	0.07595843876520111	0.3417354478285714	1.0	1.0
92.26608986024138	0.05325184229865883	1.0	1.0	1.0	0.019471509998359216	0.8656883254745034	0.07358824766085352	1.0	1.0	1.0	0.01947395632069524	0.7462097545270922	0.07358824766085352	0.3417354478285674	1.0	1.0
93.26608986024138	0.05159253580657906	1.0	1.0	1.0	0.01947148782350283	0.8681256871157161	0.07129225773615203	1.0	1.0	1.0	0.01947386511807116	0.7492372954604786	0.07129225773615203	0.3417354478285637	1.0	1.0
94.26608986024138	0.04998523933987409	1.0	1.0	1.0	0.019471466282262852	0.8705190861843697	0.06906815307208711	1.0	1.0	1.0	0.01947377648905584	0.7522494782934749	0.06906815307208711	0.34173544782856025	1.0	1.0
95.26608986024138	0.04842832267365635	1.0	1.0	1.0	0.01947144535653455	0.872869285102319	0.06691368927064731	1.0	1.0	1.0	0.019473690361313654	0.7552455951929601	0.06691368927064731	0.341735447828557	1.0	1.0
96.26608986024138	0.04692020668151717	1.0	1.0	1.0	0.019471425028730515	0.8751770365636958	0.06482669132901038	1.0	1.0	1.0	0.01947360666453128	0.7582249750807957	0.06482669132901038	0.34173544782855403	1.0	1.0
97.26608986024138	0.045459361733873806	1.0	1.0	1.0	0.019471405281765875	0.8774430832431722	0.06280505156779806	1.0	1.0	1.0	0.01947352533036156	0.7611869824641456	0.06280505156779806	0.34173544782855125	1.0	1.0
98.26608986024138	0.04404430614651936	1.0	1.0	1.0	0.019471386099043933	0.8796681575626765	0.06084672761306228	1.0	1.0	1.0	0.019473446292368902	0.7641310162885692	0.06084672761306228	0.34173544782854864	1.0	1.0
99.26608986024138	0.04267360467780203	1.0	1.0	1.0	0.019471367464442217	0.8818529815094842	0.05894974043153269	1.0	1.0	1.0	0.01947336948597622	0.7670565088146893	0.05894974043153269	0.34173544782854626	1.0	1.0
100.26608986024138	0.04134586707290946	1.0	1.0	1.0	0.01947134936229894	0.8839982664994148	0.057112172418539206	1.0	1.0	1.0	0.019473294848413283	0.7699629245190556	0.057112172418539206	0.34173544782854404	1.0	1.0
101.26608986024138	0.04005974665378163	1.0	1.0	1.0	0.019471331777399827	0.8861047132795762	0.055332165537923826	1.0	1.0	1.0	0.019473222318666522	0.7728497590196513	0.055332165537923826	0.3417354478285419	1.0	1.0
102.26608986024138	0.03881393895322218	1.0	1.0	1.0	0.01947131469496533	0.888173011865739	0.05360791951317315	1.0	1.0	1.0	0.019473151837430203	0.7757165380263591	0.05360791951317315	0.34173544782854	1.0	1.0
103.26608986024138	0.03760718039182267	1.0	1.0	1.0	0.019471298100638197	0.8902038415099841	0.05193769006893353	1.0	1.0	1.0	0.019473083347058946	0.7785628163165691	0.05193769006893353	0.34173544782853815	1.0	1.0
104.26608986024138	0.036438246996357976	1.0	1.0	1.0	0.019471281980471433	0.8921978706947666	0.050319787222014155	1.0	1.0	1.0	0.019473016791521552	0.7813881767360097	0.050319787222014155	0.3417354478285365	1.0	1.0
105.26608986024138	0.03530595315835284	1.0	1.0	1.0	0.019471266320916544	0.8941557571499874	0.04875257362093707	1.0	1.0	1.0	0.01947295211635611	0.7841922292247872	0.04875257362093707	0.34173544782853493	1.0	1.0
106.26608986024138	0.034209150431560406	1.0	1.0	1.0	0.019471251108812173	0.8960781478900518	0.04723446293305653	1.0	1.0	1.0	0.019472889268626323	0.7869746098685396	0.04723446293305653	0.3417354478285335	1.0	1.0
107.26608986024138	0.03314672636713319	1.0	1.0	1.0	0.01947123633137303	0.8979656792682493	0.04576391827824178	1.0	1.0	1.0	0.01947282819687906	0.7897349799745431	0.04576391827824178	0.34173544782853216	1.0	1.0
108.26608986024138	0.03211760338530489	1.0	1.0	1.0	0.019471221976179145	0.8998189770460943	0.04433945070809637	1.0	1.0	1.0	0.019472768851103057	0.7924730251725474	0.04433945070809637	0.3417354478285309	1.0	1.0
109.26608986024138	0.031120737682438702	1.0	1.0	1.0	0.01947120803116543	0.9016386564755442	0.042959617729672286	1.0	1.0	1.0	0.019472711182688788	0.79518845454007	0.042959617729672286	0.3417354478285297	1.0	1.0
110.26608986024138	0.030155118172333656	1.0	1.0	1.0	0.019471194484611553	0.903425322392256	0.04162302187262817	1.0	1.0	1.0	0.019472655144389398	0.797880999751835	0.04162302187262817	0.34173544782852866	1.0	1.0
111.26608986024138	0.029219765460715013	1.0	1.0	1.0	0.019471181325132057	0.9051795693182538	0.04032830929877644	1.0	1.0	1.0	0.01947260069028277	0.800550414253005	0.04032830929877644	0.34173544782852766	1.0	1.0
112.26608986024138	0.02831373085186875	1.0	1.0	1.0	0.019471168541666823	0.9069019815725762	0.03907416845296415	1.0	1.0	1.0	0.019472547775734587	0.8031964724558299	0.03907416845296415	0.3417354478285267	1.0	1.0
113.26608986024138	0.027436095386412493	1.0	1.0	1.0	0.01947115612347175	0.908593133388638	0.037859328754235644	1.0	1.0	1.0	0.01947249635736245	0.8058189689593065	0.037859328754235644	0.34173544782852583	1.0	1.0
114.26608986024138	0.026585968909226983	1.0	1.0	1.0	0.01947114406010974	0.9102535890371933	0.03668255932623183	1.0	1.0	1.0	0.01947244639300098	0.8084177177914273	0.03668255932623183	0.341735447828525	1.0	1.0
115.26608986024138	0.02576248916660272	1.0	1.0	1.0	0.01947113234144192	0.9118839029539174	0.035542667765789966	1.0	1.0	1.0	0.019472397841667866	0.8109925516735796	0.035542667765789966	0.3417354478285243	1.0	1.0
116.26608986024138	0.02496482093168602	1.0	1.0	1.0	0.01947112095761912	0.9134846198707463	0.03443849894871938	1.0	1.0	1.0	0.01947235066353089	0.8135433213066435	0.03443849894871938	0.34173544782852355	1.0	1.0
117.26608986024138	0.024192155157337455	1.0	1.0	1.0	0.019471109899073604	0.9150562749502124	0.0333689338717419	1.0	1.0	1.0	0.01947230481987582	0.8160698946783295	0.0333689338717419	0.3417354478285229	1.0	1.0
118.26608986024138	0.023443708155543527	1.0	1.0	1.0	0.01947109915651101	0.916599393922112	0.032332888529600874	1.0	1.0	1.0	0.01947226027307522	0.8185721563912897	0.032332888529600874	0.3417354478285223	1.0	1.0
119.26608986024138	0.02271872080254914	1.0	1.0	1.0	0.01947108872090256	0.9181144932219176	0.031329312826358854	1.0	1.0	1.0	0.019472216986558127	0.8210500070115321	0.031329312826358854	0.3417354478285217	1.0	1.0
120.26608986024138	0.02201645776890481	1.0	1.0	1.0	0.019471078583477453	0.9196020801304235	0.03035718951992151	1.0	1.0	1.0	0.019472174924780542	0.8235033624366661	0.03035718951992151	0.3417354478285212	1.0	1.0
121.26608986024138	0.021336206773647583	1.0	1.0	1.0	0.019471068735715507	0.921062652914176	0.02941553319884377	1.0	1.0	1.0	0.019472134053196765	0.8259321532835071	0.02941553319884377	0.3417354478285207	1.0	1.0
122.26608986024138	0.02067727786185922	1.0	1.0	1.0	0.01947105916933999	0.9224967009662954	0.028503389290493054	1.0	1.0	1.0	0.019472094338231504	0.8283363242945685	0.028503389290493054	0.3417354478285203	1.0	1.0
123.26608986024138	0.02003900270486895	1.0	1.0	1.0	0.019471049876310664	0.9239047049473492	0.027619833099664193	1.0	1.0	1.0	0.019472055747252772	0.8307158337629744	0.027619833099664193	0.34173544782851983	1.0	1.0
124.26608986024138	0.01942073392239094	1.0	1.0	1.0	0.019471040848817033	0.9252871369259769	0.02676396887676053	1.0	1.0	1.0	0.01947201824854553	0.8330706529753269	0.02676396887676053	0.34173544782851945	1.0	1.0
125.26608986024138	0.018821844425908986	1.0	1.0	1.0	0.019471032079271776	0.9266444605190102	0.02593492891467604	1.0	1.0	1.0	0.019471981811286055	0.8354007656720682	0.02593492891467604	0.34173544782851906	1.0	1.0
126.26608986024138	0.018241726782642454	1.0	1.0	1.0	0.01947102356030437	0.927977131030863	0.025131872673533697	1.0	1.0	1.0	0.019471946405517034	0.8377061675248845	0.025131872673533697	0.3417354478285187	1.0	1.0
127.26608986024138	0.017679792599448355	1.0	1.0	1.0	0.01947101528475489	0.9292855955919986	0.024353985932455902	1.0	1.0	1.0	0.019471912002123327	0.8399868656307018	0.024353985932455902	0.3417354478285184	1.0	1.0
128.26608986024138	0.017135471926034634	1.0	1.0	1.0	0.019471007245668005	0.9305702932963079	0.02360047996756326	1.0	1.0	1.0	0.019471878572808427	0.8422428780218333	0.02360047996756326	0.3417354478285181	1.0	1.0
129.26608986024138	0.01660821267687942	1.0	1.0	1.0	0.019470999436287113	0.9318316553372556	0.02287059075541851	1.0	1.0	1.0	0.019471846090071555	0.8444742331918434	0.02287059075541851	0.34173544782851784	1.0	1.0
130.26608986024138	0.016097480071269904	1.0	1.0	1.0	0.019470991850048677	0.9330701051426742	0.022163578201152723	1.0	1.0	1.0	0.019471814527185403	0.8466809696367024	0.022163578201152723	0.34173544782851756	1.0	1.0
131.26608986024138	0.015602756090892844	1.0	1.0	1.0	0.019470984480576707	0.9342860585081011	0.02147872539053103	1.0	1.0	1.0	0.01947178385817449	0.8488631354108119	0.02147872539053103	0.34173544782851734	1.0	1.0
132.26608986024138	0.015123538954426629	1.0	1.0	1.0	0.019470977321677393	0.9354799237285742	0.020815337865235095	1.0	1.0	1.0	0.01947175405779411	0.8510207876974922	0.020815337865235095	0.3417354478285171	1.0	1.0
133.26608986024138	0.014659342608601932	1.0	1.0	1.0	0.01947097036733391	0.9366521017288134	0.02017274292065917	1.0	1.0	1.0	0.019471725101509896	0.853153992393527	0.02017274292065917	0.3417354478285169	1.0	1.0
134.26608986024138	0.014209696235214798	1.0	1.0	1.0	0.01947096361170135	0.9378029861917272	0.019550288925536015	1.0	1.0	1.0	0.019471696965477913	0.855262823707373	0.019550288925536015	0.3417354478285167	1.0	1.0
135.26608986024138	0.013774143773592113	1.0	1.0	1.0	0.01947095704910182	0.9389329636851985	0.01894734466272795	1.0	1.0	1.0	0.01947166962652533	0.8573473637706502	0.01894734466272795	0.34173544782851656	1.0	1.0
136.26608986024138	0.013352243458025133	1.0	1.0	1.0	0.019470950674019664	0.94004241378711	0.01836329869053709	1.0	1.0	1.0	0.019471643062131623	0.859407702262532	0.01836329869053709	0.3417354478285164	1.0	1.0
137.26608986024138	0.01294356736970189	1.0	1.0	1.0	0.019470944481096823	0.9411317092085788	0.017797558723907085	1.0	1.0	1.0	0.0194716172504103	0.8614439360466724	0.017797558723907085	0.3417354478285162	1.0	1.0
138.26608986024138	0.012547701002684037	1.0	1.0	1.0	0.019470938465128346	0.9422012159153801	0.017249551034906788	1.0	1.0	1.0	0.01947159217009114	0.8634561688203062	0.017249551034906788	0.34173544782851606	1.0	1.0
139.26608986024138	0.012164242843487886	1.0	1.0	1.0	0.019470932621058	0.9432512932475414	0.016718719871903785	1.0	1.0	1.0	0.019471567800502906	0.8654445107751738	0.016718719871903785	0.34173544782851595	1.0	1.0
140.26608986024138	0.01179280396384326	1.0	1.0	1.0	0.019470926943974034	0.9442822940371011	0.016204526896852985	1.0	1.0	1.0	0.01947154412155658	0.8674090782699269	0.016204526896852985	0.34173544782851584	1.0	1.0
141.26608986024138	0.01143300762621707	1.0	1.0	1.0	0.019470921429105035	0.945294564724023	0.0157064506401423	1.0	1.0	1.0	0.019471521113729025	0.8693499935136813	0.0157064506401423	0.3417354478285157	1.0	1.0
142.26608986024138	0.011084488901701548	1.0	1.0	1.0	0.01947091607181593	0.9462884454702696	0.015223985972453832	1.0	1.0	1.0	0.01947149875804711	0.871267384260391	0.015223985972453832	0.3417354478285156	1.0	1.0
143.26608986024138	0.010746894299879553	1.0	1.0	1.0	0.019470910867604087	0.9472642702720359	0.014756643593115036	1.0	1.0	1.0	0.019471477036072313	0.8731613835137261	0.014756643593115036	0.3417354478285155	1.0	1.0
144.26608986024138	0.010419881410291534	1.0	1.0	1.0	0.019470905812095533	0.9482223670701506	0.01430394953442997	1.0	1.0	1.0	0.019471455929885688	0.8750321292421448	0.01430394953442997	0.3417354478285154	1.0	1.0
145.26608986024138	0.010103118555140516	1.0	1.0	1.0	0.019470900901041276	0.9491630578586562	0.013865444681495934	1.0	1.0	1.0	0.01947143542207332	0.8768797641038578	0.013865444681495934	0.34173544782851534	1.0	1.0
146.26608986024138	0.009796284452882852	1.0	1.0	1.0	0.019470896130313727	0.9500866587915777	0.01344068430702564	1.0	1.0	1.0	0.019471415495712133	0.8787044351813922	0.01344068430702564	0.3417354478285153	1.0	1.0
147.26608986024138	0.009499067892363527	1.0	1.0	1.0	0.01947089149590324	0.9509934802878968	0.013029237620709547	1.0	1.0	1.0	0.019471396134356132	0.8805062937254676	0.013029237620709547	0.3417354478285152	1.0	1.0
148.26608986024138	0.009211167417165511	1.0	1.0	1.0	0.019470886993914742	0.9518838271347458	0.012630687332666958	1.0	1.0	1.0	0.019471377322022997	0.8822854949079081	0.012630687332666958	0.34173544782851517	1.0	1.0
149.26608986024138	0.00893229101985301	1.0	1.0	1.0	0.019470882620564452	0.9527579985888411	0.012244629230548247	1.0	1.0	1.0	0.01947135904318107	0.884042197583316	0.012244629230548247	0.3417354478285151	1.0	1.0
150.26608986024138	0.00866215584579847	1.0	1.0	1.0	0.019470878372176714	0.9536162884761729	0.011870671769863776	1.0	1.0	1.0	0.01947134128273671	0.8857765640592472	0.011870671769863776	0.34173544782851506	1.0	1.0
151.26608986024138	0.008400487906292982	1.0	1.0	1.0	0.019470874245180885	0.9544589852899737	0.011508435677128084	1.0	1.0	1.0	0.01947132402602197	0.8874887598746283	0.011508435677128084	0.341735447828515	1.0	1.0
152.26608986024138	0.008147021800649055	1.0	1.0	1.0	0.01947087023610836	0.9552863722869862	0.011157553565420406	1.0	1.0	1.0	0.019471307258782673	0.8891789535861677	0.011157553565420406	0.34173544782851495	1.0	1.0
153.26608986024138	0.007901500447013944	1.0	1.0	1.0	0.019470866341589642	0.9560987275820507	0.010817669561974842	1.0	1.0	1.0	0.01947129096716676	0.8908473165625179	0.010817669561974842	0.3417354478285149	1.0	1.0
154.26608986024138	0.007663674821620461	1.0	1.0	1.0	0.01947086255835151	0.9568963242410378	0.010488438947425308	1.0	1.0	1.0	0.019471275137712993	0.892494022785951	0.010488438947425308	0.34173544782851484	1.0	1.0
155.26608986024138	0.0074333037062108386	1.0	1.0	1.0	0.01947085888321427	0.9576794303721464	0.010169527806341937	1.0	1.0	1.0	0.019471259757339997	0.8941192486613199	0.010169527806341937	0.3417354478285148	1.0	1.0
156.26608986024138	0.007210153443377438	1.0	1.0	1.0	0.019470855313089088	0.9584483092155928	0.009860612688706758	1.0	1.0	1.0	0.019471244813335557	0.8957231728320798	0.009860612688706758	0.3417354478285147	1.0	1.0
157.26608986024138	0.00699399769957217	1.0	1.0	1.0	0.019470851844975386	0.9592032192317124	0.009561380281987338	1.0	1.0	1.0	0.019471230293346256	0.8973059760031548	0.009561380281987338	0.34173544782851467	1.0	1.0
158.26608986024138	0.006784617235544256	1.0	1.0	1.0	0.019470848475958324	0.9599444141875004	0.009271527093477599	1.0	1.0	1.0	0.01947121618536738	0.8988678407704364	0.009271527093477599	0.3417354478285146	1.0	1.0
159.26608986024138	0.006581799683973479	1.0	1.0	1.0	0.01947084520320635	0.9606721432416137	0.008990759142585226	1.0	1.0	1.0	0.01947120247773312	0.9004089514567104	0.008990759142585226	0.3417354478285146	1.0	1.0
160.26608986024138	0.0063853393340733994	1.0	1.0	1.0	0.019470842023968826	0.9613866510278577	0.008718791662755021	1.0	1.0	1.0	0.019471189159107036	0.9019294939538116	0.008718791662755021	0.3417354478285146	1.0	1.0
161.26608986024138	0.006195036922946065	1.0	1.0	1.0	0.019470838935573696	0.9620881777371849	0.008455348812727146	1.0	1.0	1.0	0.01947117621847279	0.9034296555708129	0.008455348812727146	0.3417354478285146	1.0	1.0
162.26608986024138	0.006010699433476581	1.0	1.0	1.0	0.019470835935425264	0.9627769591982258	0.008200163396838558	1.0	1.0	1.0	0.01947116364512515	0.9049096248880599	0.008200163396838558	0.3417354478285146	1.0	1.0
163.26608986024138	0.0058321398985625664	1.0	1.0	1.0	0.019470833021002002	0.9634532269563787	0.00795297659408495	1.0	1.0	1.0	0.01947115142866123	0.9063695916168693	0.00795297659408495	0.3417354478285146	1.0	1.0
164.26608986024138	0.005659177211479931	1.0	1.0	1.0	0.01947083018985443	0.9641172083514808	0.00771353769566932	1.0	1.0	1.0	0.019471139558971985	0.9078097464647104	0.00771353769566932	0.3417354478285146	1.0	1.0
165.26608986024138	0.0054916359421926225	1.0	1.0	1.0	0.019470827439603055	0.9647691265940849	0.007481603850771787	1.0	1.0	1.0	0.01947112802623394	0.9092302810057006	0.007481603850771787	0.3417354478285146	1.0	1.0
166.26608986024138	0.005329346159420042	1.0	1.0	1.0	0.01947082476793638	0.9654092008403647	0.00725693982028351	1.0	1.0	1.0	0.01947111682090115	0.9106313875562435	0.00725693982028351	0.3417354478285146	1.0	1.0
167.26608986024138	0.005172143258281662	1.0	1.0	1.0	0.019470822172608954	0.966037646265673	0.007039317738255586	1.0	1.0	1.0	0.019471105933697396	0.9120132590556488	0.007039317738255586	0.3417354478285146	1.0	1.0
168.26608986024138	0.005019867793344024	1.0	1.0	1.0	0.019470819651439486	0.9666546741367738	0.00682851688082155	1.0	1.0	1.0	0.019471095355608585	0.913376088951574	0.00682851688082155	0.3417354478285146	1.0	1.0
169.26608986024138	0.004872365316900777	1.0	1.0	1.0	0.01947081720230901	0.9672604918827732	0.006624323442359613	1.0	1.0	1.0	0.01947108507787536	0.9147200710901356	0.006624323442359613	0.3417354478285146	1.0	1.0
170.26608986024138	0.004729486222321748	1.0	1.0	1.0	0.019470814823159117	0.9678553031647708	0.00642653031866806	1.0	1.0	1.0	0.019471075091985944	0.916045399610539	0.00642653031866806	0.3417354478285146	1.0	1.0
171.26608986024138	0.004591085592312135	1.0	1.0	1.0	0.0194708125119902	0.9684393079442529	0.006234936896934318	1.0	1.0	1.0	0.01947106538966915	0.9173522688440819	0.006234936896934318	0.3417354478285146	1.0	1.0
172.26608986024138	0.004457023051927945	1.0	1.0	1.0	0.0194708102668598	0.9690127025502513	0.006049348852285	1.0	1.0	1.0	0.019471055962887618	0.9186408732173917	0.006049348852285	0.3417354478285146	1.0	1.0
173.26608986024138	0.004327162626198565	1.0	1.0	1.0	0.01947080808588095	0.9695756797452872	0.005869577950710937	1.0	1.0	1.0	0.019471046803831216	0.9199114071597583	0.005869577950710937	0.3417354478285146	1.0	1.0
174.26608986024138	0.004201372602212086	1.0	1.0	1.0	0.019470805967220613	0.9701284287901237	0.00569544185816756	1.0	1.0	1.0	0.01947103790491064	0.9211640650144303	0.00569544185816756	0.3417354478285146	1.0	1.0
175.26608986024138	0.004079525395523472	1.0	1.0	1.0	0.019470803909098118	0.9706711355073462	0.0055267639556573	1.0	1.0	1.0	0.01947102925875119	0.9223990409537457	0.0055267639556573	0.3417354478285146	1.0	1.0
176.26608986024138	0.003961497420750103	1.0	1.0	1.0	0.019470801909783682	0.9712039823437922	0.005363373160106661	1.0	1.0	1.0	0.019471020858186732	0.923616528897971	0.005363373160106661	0.3417354478285146	1.0	1.0
177.26608986024138	0.0038471689662234144	1.0	1.0	1.0	0.01947079996759694	0.971727148431851	0.005205103750856502	1.0	1.0	1.0	0.019471012696253797	0.9248167224377277	0.005205103750856502	0.3417354478285146	1.0	1.0
178.26608986024138	0.0037364240725695228	1.0	1.0	1.0	0.019470798080905547	0.9722408096496531	0.005051795201589726	1.0	1.0	1.0	0.019471004766185893	0.9259998147598882	0.005051795201589726	0.3417354478285146	1.0	1.0
179.26608986024138	0.0036291504150956625	1.0	1.0	1.0	0.0194707962481238	0.9727451386801688	0.004903292017526065	1.0	1.0	1.0	0.01947099706140793	0.927165998576826	0.004903292017526065	0.3417354478285146	1.0	1.0
180.26608986024138	0.0035252391898631594	1.0	1.0	1.0	0.019470794467711307	0.9732403050692366	0.004759443577718977	1.0	1.0	1.0	0.019470989575530843	0.9283154660589092	0.004759443577718977	0.3417354478285146	1.0	1.0
181.26608986024138	0.0034245850033313816	1.0	1.0	1.0	0.01947079273817168	0.9737264752825393	0.004620103982294846	1.0	1.0	1.0	0.019470982302346316	0.9294484087701297	0.004620103982294846	0.3417354478285146	1.0	1.0
182.26608986024138	0.0033270857654607374	1.0	1.0	1.0	0.0194707910580513	0.9742038127615468	0.0044851319044796395	1.0	1.0	1.0	0.019470975235821718	0.9305650176067626	0.0044851319044796395	0.3417354478285146	1.0	1.0
183.26608986024138	0.0032326425861663	1.0	1.0	1.0	0.019470789425938082	0.974672477978445	0.0043543904472630604	1.0	1.0	1.0	0.019470968370095123	0.9316654827389547	0.0043543904472630604	0.3417354478285146	1.0	1.0
184.26608986024138	0.0031411596750170337	1.0	1.0	1.0	0.01947078784046028	0.9751326284900687	0.004227747004554896	1.0	1.0	1.0	0.019470961699470504	0.9327499935551432	0.004227747004554896	0.3417354478285146	1.0	1.0
185.26608986024138	0.003052544244078895	1.0	1.0	1.0	0.019470786300285356	0.9755844189908549	0.00410507312669282	1.0	1.0	1.0	0.019470955218413053	0.9338187386092087	0.00410507312669282	0.3417354478285146	1.0	1.0
186.26608986024138	0.002966706413803256	1.0	1.0	1.0	0.01947078480411884	0.9760280013648369	0.003986244390165322	1.0	1.0	1.0	0.019470948921544624	0.9348719055702699	0.003986244390165322	0.3417354478285146	1.0	1.0
187.26608986024138	0.0028835591218652075	1.0	1.0	1.0	0.01947078335070325	0.9764635247366937	0.003871140271417676	1.0	1.0	1.0	0.019470942803639316	0.9359096811750296	0.003871140271417676	0.3417354478285146	1.0	1.0
188.26608986024138	0.002803018034859271	1.0	1.0	1.0	0.019470781938817038	0.9768911355218742	0.0037596440246130264	1.0	1.0	1.0	0.01947093685961918	0.9369322511825848	0.0037596440246130264	0.3417354478285146	1.0	1.0
189.26608986024138	0.002725001462762959	1.0	1.0	1.0	0.019470780567273558	0.9773109774758104	0.0036516425632246545	1.0	1.0	1.0	0.01947093108455003	0.9379398003316161	0.0036516425632246545	0.3417354478285146	1.0	1.0
190.26608986024138	0.002649430276081428	1.0	1.0	1.0	0.019470779234920074	0.9777231917422383	0.003547026345339376	1.0	1.0	1.0	0.019470925473637407	0.9389325122998734	0.003547026345339376	0.3417354478285146	1.0	1.0
191.26608986024138	0.0025762278255891855	1.0	1.0	1.0	0.01947077794063678	0.9781279169006414	0.003445689262555778	1.0	1.0	1.0	0.01947092002222261	0.9399105696658795	0.003445689262555778	0.3417354478285146	1.0	1.0
192.26608986024138	0.002505319864587445	1.0	1.0	1.0	0.019470776683335873	0.9785252890128324	0.0033475285323646435	1.0	1.0	1.0	0.01947091472577887	0.9408741538727724	0.0033475285323646435	0.3417354478285146	1.0	1.0
193.26608986024138	0.002436634473598284	1.0	1.0	1.0	0.019470775461960632	0.97891544166869	0.003252444593902447	1.0	1.0	1.0	0.01947090957990763	0.9418234451942131	0.003252444593902447	0.3417354478285146	1.0	1.0
194.26608986024138	0.0023701019874192205	1.0	1.0	1.0	0.019470774275484534	0.9792985060310649	0.003160341006972209	1.0	1.0	1.0	0.019470904580334923	0.9427586227022847	0.003160341006972209	0.3417354478285146	1.0	1.0
195.26608986024138	0.00230565492446422	1.0	1.0	1.0	0.01947077312291038	0.9796746108798698	0.003071124354229323	1.0	1.0	1.0	0.019470899722907845	0.9436798642373123	0.003071124354229323	0.3417354478285146	1.0	1.0
196.26608986024138	0.002243227918319471	1.0	1.0	1.0	0.019470772003269465	0.9800438826553701	0.002984704146433163	1.0	1.0	1.0	0.01947089500359114	0.9445873463795366	0.002984704146433163	0.3417354478285146	1.0	1.0
197.26608986024138	0.0021827576514445064	1.0	1.0	1.0	0.019470770915620772	0.9804064455006871	0.0029009927306683954	1.0	1.0	1.0	0.019470890418463876	0.9454812444225728	0.0029009927306683954	0.3417354478285146	1.0	1.0
198.26608986024138	0.0021241827909514246	1.0	1.0	1.0	0.019470769859050163	0.9807624213035303	0.002819905201442928	1.0	1.0	1.0	0.019470885963716215	0.9463617323485924	0.002819905201442928	0.3417354478285146	1.0	1.0
199.26608986024138	0.0020674439263970753	1.0	1.0	1.0	0.019470768832669624	0.9811119297371714	0.0027413593145723357	1.0	1.0	1.0	0.01947088163564627	0.9472289828051645	0.0027413593145723357	0.3417354478285146	1.0	1.0
200.26608986024138	0.002012483509525113	1.0	1.0	1.0	0.019470767835616517	0.9814550883006741	0.0026652754037634367	1.0	1.0	1.0	0.019470877430657063	0.9480831670836952	0.0026652754037634367	0.3417354478285146	1.0	1.0
201.26608986024138	0.001959245795896803	1.0	1.0	1.0	0.01947076686705285	0.9817920123583931	0.002591576299812432	1.0	1.0	1.0	0.019470873345253548	0.9489244550994091	0.002591576299812432	0.3417354478285146	1.0	1.0
202.26608986024138	0.0019076767883513786	1.0	1.0	1.0	0.019470765926164573	0.9821228151787563	0.0025201872523356534	1.0	1.0	1.0	0.019470869376039736	0.9497530153728139	0.0025201872523356534	0.3417354478285146	1.0	1.0
203.26608986024138	0.0018577241822385967	1.0	1.0	1.0	0.019470765012160902	0.9824476079723419	0.0024510358539535553	1.0	1.0	1.0	0.0194708655197159	0.950569015012593	0.0024510358539535553	0.3417354478285146	1.0	1.0
204.26608986024138	0.0018093373123679519	1.0	1.0	1.0	0.019470764124273645	0.9827664999292641	0.0023840519668510553	1.0	1.0	1.0	0.01947086177307584	0.9513726196998754	0.0023840519668510553	0.3417354478285146	1.0	1.0
205.26608986024138	0.001762467101620737	1.0	1.0	1.0	0.01947076326175656	0.98307959825588	0.0023191676516397504	1.0	1.0	1.0	0.019470858133004247	0.9521639936738269	0.0023191676516397504	0.3417354478285146	1.0	1.0
206.26608986024138	0.0017170660111728282	1.0	1.0	1.0	0.019470762423884732	0.9833870082108292	0.0022563170984498545	1.0	1.0	1.0	0.019470854596474137	0.9529432997185168	0.0022563170984498545	0.3417354478285146	1.0	1.0
207.26608986024138	0.0016730879922777098	1.0	1.0	1.0	0.01947076160995395	0.9836888331404193	0.002195436560181985	1.0	1.0	1.0	0.019470851160544343	0.9537106991510089	0.002195436560181985	0.3417354478285146	1.0	1.0
208.26608986024138	0.0016304884395608329	1.0	1.0	1.0	0.01947076081928014	0.9839851745133682	0.002136464287851092	1.0	1.0	1.0	0.01947084782235709	0.9544663518106309	0.002136464287851092	0.3417354478285146	1.0	1.0
209.26608986024138	0.0015892241457779355	1.0	1.0	1.0	0.01947076005119876	0.9842761319549154	0.0020793404679569677	1.0	1.0	1.0	0.019470844579135647	0.9552104160493755	0.0020793404679569677	0.3417354478285146	1.0	1.0
210.26608986024138	0.0015492532579914381	1.0	1.0	1.0	0.019470759305064263	0.9845618032803138	0.002024007161817806	1.0	1.0	1.0	0.019470841428182017	0.9559430487233918	0.002024007161817806	0.3417354478285146	1.0	1.0
211.26608986024138	0.0015105352351204651	1.0	1.0	1.0	0.019470758580249544	0.9848422845277132	0.001970408246805297	1.0	1.0	1.0	0.019470838366874722	0.9566644051855203	0.001970408246805297	0.3417354478285146	1.0	1.0
212.26608986024138	0.0014730308068214373	1.0	1.0	1.0	0.019470757876145422	0.9851176699904454	0.001918489359421647	1.0	1.0	1.0	0.019470835392666638	0.9573746392788345	0.001918489359421647	0.3417354478285146	1.0	1.0
213.26608986024138	0.0014367019336575279	1.0	1.0	1.0	0.01947075719216012	0.9853880522487245	0.0018681978401607982	1.0	1.0	1.0	0.01947083250308288	0.9580739033311448	0.0018681978401607982	0.3417354478285146	1.0	1.0
214.26608986024138	0.0014015117685165857	1.0	1.0	1.0	0.01947075652771877	0.9856535222007702	0.001819482680097923	1.0	1.0	1.0	0.019470829695718776	0.95876234815043	0.001819482680097923	0.3417354478285146	1.0	1.0
215.26608986024138	0.0013674246192383907	1.0	1.0	1.0	0.019470755882262932	0.9859141690933656	0.0017722944691530237	1.0	1.0	1.0	0.019470826968237855	0.9594401230211552	0.0017722944691530237	0.3417354478285146	1.0	1.0
216.26608986024138	0.0013344059124133386	1.0	1.0	1.0	0.019470755255250115	0.9861700805518604	0.001726585345976166	1.0	1.0	1.0	0.019470824318369943	0.9601073757014428	0.001726585345976166	0.3417354478285146	1.0	1.0
217.26608986024138	0.001302422158315833	1.0	1.0	1.0	0.01947075464615334	0.986421342609629	0.0016823089494035182	1.0	1.0	1.0	0.019470821743909263	0.9607642524210591	0.001682294232232291	0.3417354478285146	1.0	1.0
218.26608986024138	0.0012714409169368233	1.0	1.0	1.0	0.01947075405446068	0.9866680397369935	0.0016394203714349613	1.0	1.0	1.0	0.01947081924271263	0.9614108978801846	0.0016391458842756647	0.3417354478285146	1.0	1.0
219.26608986024138	0.0012414307650810308	1.0	1.0	1.0	0.01947075347967483	0.9869102548696207	0.0015978761116855792	1.0	1.0	1.0	0.019470816812697675	0.9620474552489328	0.0015971242864003014	0.3417354478285146	1.0	1.0
220.26608986024138	0.0012123612644954957	1.0	1.0	1.0	0.01947075292131271	0.9871480694364035	0.0015576340332648327	1.0	1.0	1.0	0.01947081445184111	0.9626740661675873	0.001556211530483566	0.3417354478285146	1.0	1.0
221.26608986024138	0.001184202930997116	1.0	1.0	1.0	0.01947075237890503	0.9873815633868354	0.0015186533200386655	1.0	1.0	1.0	0.019470812158177073	0.9632908707475264	0.0015163889269364766	0.3417354478285146	1.0	1.0
222.26608986024138	0.0011569272045678662	1.0	1.0	1.0	0.01947075185199591	0.9876108152178881	0.0014808944352311996	1.0	1.0	1.0	0.01947080992979549	0.9638980075728037	0.0014776371327684314	0.3417354478285146	1.0	1.0
223.26608986024138	0.0011305064203873648	1.0	1.0	1.0	0.019470751340142502	0.9878359020004011	0.0014443190813240303	1.0	1.0	1.0	0.0194708077648405	0.9644956137023584	0.0014399362676493807	0.3417354478285146	1.0	1.0
224.26608986024138	0.001104913780773409	1.0	1.0	1.0	0.01947075084291461	0.9880568994049914	0.0014088901612124482	1.0	1.0	1.0	0.019470805661508918	0.9650838246728242	0.0014032660189618113	0.3417354478285146	1.0	1.0
225.26608986024138	0.0010801233280020187	1.0	1.0	1.0	0.019470750359894335	0.9882738817274928	0.001374571740579194	1.0	1.0	1.0	0.019470803618048742	0.9656627745019138	0.001367605736756282	0.3417354478285146	1.0	1.0
226.26608986024138	0.0010561099179794194	1.0	1.0	1.0	0.019470749890675706	0.9884869219139326	0.0013413290114475801	1.0	1.0	1.0	0.019470801632757707	0.9662325956923494	0.0013329345194517477	0.3417354478285146	1.0	1.0
227.26608986024138	0.0010328491947392635	1.0	1.0	1.0	0.019470749434864362	0.9886960915850553	0.0013091282568770159	1.0	1.0	1.0	0.01947079970398187	0.9667934192363151	0.0012992312910550651	0.3417354478285146	1.0	1.0
228.26608986024138	0.0010103175657392202	1.0	1.0	1.0	0.019470748992077208	0.9889014610603998	0.0012779368167651283	1.0	1.0	1.0	0.019470797830114246	0.967345374620408	0.0012664748706124503	0.3417354478285146	1.0	1.0
229.26608986024138	0.0009884921779318807	1.0	1.0	1.0	0.019470748561942097	0.9891030993819397	0.0012477230547217916	1.0	1.0	1.0	0.01947079600959348	0.9678885898310633	0.0012346440345488378	0.3417354478285146	1.0	1.0
230.26608986024138	0.0009673508945857078	1.0	1.0	1.0	0.01947074814409751	0.9893010743372945	0.0012184563259814696	1.0	1.0	1.0	0.01947079424090254	0.9684231913604302	0.0012037175724987242	0.3417354478285146	1.0	1.0
231.26608986024138	0.0009468722728325188	1.0	1.0	1.0	0.019470747738192268	0.9894954524825181	0.001190106946321324	1.0	1.0	1.0	0.01947079252256748	0.9689493042126782	0.0011736743371837902	0.3417354478285146	1.0	1.0
232.26608986024138	0.0009270355419187306	1.0	1.0	1.0	0.019470747343885215	0.9896862991644741	0.0011626461619535658	1.0	1.0	1.0	0.019470790853156204	0.9694670519107107	0.0011444932888481057	0.3417354478285146	1.0	1.0
233.26608986024138	0.0009078205821383067	1.0	1.0	1.0	0.019470746960844953	0.9898736785428045	0.0011360461203615106	1.0	1.0	1.0	0.019470789231277288	0.969976556503267	0.001116153534720696	0.3417354478285146	1.0	1.0
234.26608986024138	0.0008892079044260394	1.0	1.0	1.0	0.019470746588749546	0.9900576536114986	0.0011102798420497605	1.0	1.0	1.0	0.019470787655578824	0.9704779385723916	0.0010886343639374511	0.3417354478285146	1.0	1.0
235.26608986024138	0.0008711786305904692	1.0	1.0	1.0	0.01947074622728626	0.990238286220071	0.0010853211931798584	1.0	1.0	1.0	0.0194707861247473	0.9709713172412529	0.0010619152783195218	0.3417354478285146	1.0	1.0
236.26608986024138	0.0008537144741663917	1.0	1.0	1.0	0.0194707458761513	0.9904156370943547	0.0010611448590636607	1.0	1.0	1.0	0.01947078463750651	0.9714568101822908	0.0010359760193732407	0.3417354478285146	1.0	1.0
237.26608986024138	0.0008367977218675323	1.0	1.0	1.0	0.01947074553504954	0.9905897658569149	0.001037726318487544	1.0	1.0	1.0	0.0194707831926165	0.9719345336256784	0.0010107965918470317	0.3417354478285146	1.0	1.0
238.26608986024138	0.0008204112156205762	1.0	1.0	1.0	0.019470745203694302	0.9907607310470945	0.0010150418188414044	1.0	1.0	1.0	0.019470781788872543	0.9724046023680776	0.00098635728415351	0.3417354478285146	1.0	1.0
239.26608986024138	0.0008045383351623316	1.0	1.0	1.0	0.01947074488180709	0.9909285901406933	0.0009930683520272222	1.0	1.0	1.0	0.01947078042510413	0.9728671297816736	0.0009626386859398735	0.3417354478285146	1.0	1.0
240.26608986024138	0.0007891629811823747	1.0	1.0	1.0	0.01947074456911737	0.9910933995692908	0.0009717836311227589	1.0	1.0	1.0	0.019470779100174005	0.9733222278234718	0.0009396217030665498	0.3417354478285146	1.0	1.0
241.26608986024138	0.0007742695589940795	1.0	1.0	1.0	0.01947074426536233	0.9912552147392171	0.0009511660677767163	1.0	1.0	1.0	0.01947077781297723	0.9737700070448421	0.0009172875702327613	0.3417354478285146	1.0	1.0
242.26608986024138	0.0007598429627174698	1.0	1.0	1.0	0.01947074397028668	0.9914140900501802	0.0009311947503124311	1.0	1.0	1.0	0.019470776562440246	0.974210576601295	0.0008956178614680464	0.3417354478285146	1.0	1.0
243.26608986024138	0.0007458685599578505	1.0	1.0	1.0	0.019470743683642416	0.991570078913554	0.0009118494225178955	1.0	1.0	1.0	0.019470775347520012	0.9746440442624751	0.0008745944986907042	0.3417354478285146	1.0	1.0
244.26608986024138	0.0007323321769646785	1.0	1.0	1.0	0.01947074340518862	0.9917232337703342	0.0008931104631005929	1.0	1.0	1.0	0.01947077416720312	0.9750705164223591	0.0008541997585174882	0.3417354478285146	1.0	1.0
245.26608986024138	0.0007192200842556213	1.0	1.0	1.0	0.019470743134691267	0.9918736061087685	0.000874958865786309	1.0	1.0	1.0	0.019470773020504956	0.9754900981096439	0.0008344162774935548	0.3417354478285146	1.0	1.0
246.26608986024138	0.0007065189826912198	1.0	1.0	1.0	0.01947074287192301	0.9920212464816658	0.0008573762200417342	1.0	1.0	1.0	0.019470771906468894	0.9759028929983123	0.0008152270558975662	0.3417354478285146	1.0	1.0
247.26608986024138	0.0006942159899860349	1.0	1.0	1.0	0.019470742616662994	0.9921662045233914	0.0008403446924013047	1.0	1.0	1.0	0.019470770824165488	0.976309003418364	0.0007966154602638638	0.3417354478285146	1.0	1.0
248.26608986024138	0.0006822986276425925	1.0	1.0	1.0	0.01947074236869669	0.9923085289665534	0.0008238470083793431	1.0	1.0	1.0	0.019470769772691708	0.9767085303666995	0.0007785652247516794	0.3417354478285146	1.0	1.0
249.26608986024138	0.0006707548082948786	1.0	1.0	1.0	0.019470742127815684	0.9924482676583853	0.0008078664349491516	1.0	1.0	1.0	0.019470768751170195	0.9771015735181461	0.0007610604514803539	0.3417354478285146	1.0	1.0
250.26608986024138	0.0006595728234485437	1.0	1.0	1.0	0.019470741893817527	0.9925854675768323	0.0007923867635712892	1.0	1.0	1.0	0.019470767758748522	0.9774882312366145	0.0007440856099394151	0.3417354478285146	1.0	1.0
251.26608986024138	0.0006487413316053847	1.0	1.0	1.0	0.01947074166650555	0.9927201748463437	0.0007773922937538158	1.0	1.0	1.0	0.019470766794598495	0.9778686005863751	0.0007276255355730609	0.3417354478285146	1.0	1.0
252.26608986024138	0.0006382493467600581	1.0	1.0	1.0	0.019470741445688704	0.9928524347533797	0.0007628678171278329	1.0	1.0	1.0	0.019470765857915462	0.9782427773434438	0.0007116654276300293	0.3417354478285146	1.0	1.0
253.26608986024138	0.0006280862272573563	1.0	1.0	1.0	0.0194707412311814	0.992982291761636	0.0007487986020221663	1.0	1.0	1.0	0.01947076494791764	0.978610856007068	0.0006961908463619637	0.3417354478285146	1.0	1.0
254.26608986024138	0.0006182416649987475	1.0	1.0	1.0	0.019470741022803353	0.9931097895269916	0.0007351703785215464	1.0	1.0	1.0	0.019470764063845482	0.9789729298113028	0.0006811877096461467	0.3417354478285146	1.0	1.0
255.26608986024138	0.0006087056749872299	1.0	1.0	1.0	0.019470740820379424	0.9932349709121852	0.0007219693239931311	1.0	1.0	1.0	0.019470763204961026	0.9793290907366683	0.0006666422891018146	0.3417354478285146	1.0	1.0
256.2660898602414	0.0005994685851998964	1.0	1.0	1.0	0.019470740623739484	0.9933578780012251	0.0007091820490666925	1.0	1.0	1.0	0.019470762370547293	0.979679429521879	0.0006525412057631523	0.3417354478285146	1.0	1.0
257.2660898602414	0.0005905210267779385	1.0	1.0	1.0	0.019470740432718264	0.9934785521135371	0.0006967955840542452	1.0	1.0	1.0	0.019470761559907693	0.9800240356756376	0.0006388714253664484	0.3417354478285146	1.0	1.0
258.2660898602414	0.0005818539245241387	1.0	1.0	1.0	0.019470740247155217	0.9935970338178555	0.0006847973657953451	1.0	1.0	1.0	0.019470760772365436	0.9803629974884839	0.0006256202533037236	0.3417354478285146	1.0	1.0
259.2660898602414	0.0005734584876982135	1.0	1.0	1.0	0.01947074006689438	0.9937133629458615	0.0006731752249147131	1.0	1.0	1.0	0.019470760007262986	0.9806964020446927	0.000612775329290407	0.3417354478285146	1.0	1.0
260.2660898602414	0.0005653262011006718	1.0	1.0	1.0	0.01947073989178425	0.9938275786055745	0.0006619173734792629	1.0	1.0	1.0	0.019470759263961496	0.9810243352342113	0.0006003246217902783	0.3417354478285146	1.0	1.0
261.2660898602414	0.0005574488164361437	1.0	1.0	1.0	0.01947073972167766	0.9939397191944985	0.0006510123930420109	1.0	1.0	1.0	0.01947075854184029	0.981346881764631	0.0005882564222368992	0.3417354478285146	1.0	1.0
262.2660898602414	0.0005498183439474221	1.0	1.0	1.0	0.01947073955643163	0.994049822412532	0.0006404492230607441	1.0	1.0	1.0	0.01947075784029634	0.9816641251731849	0.0005765593390870868	0.3417354478285146	1.0	1.0
263.2660898602414	0.0005424270443117294	1.0	1.0	1.0	0.019470739395907283	0.9941579252746414	0.000630217149679697	1.0	1.0	1.0	0.019470757158743777	0.9819761478387651	0.00056522229173862	0.3417354478285146	1.0	1.0
264.2660898602414	0.0005352674207909919	1.0	1.0	1.0	0.0194707392399697	0.9942640641233049	0.0006203057948628615	1.0	1.0	1.0	0.019470756496613385	0.9822830309939544	0.0005542345043412818	0.3417354478285146	1.0	1.0
265.2660898602414	0.0005283322116281593	1.0	1.0	1.0	0.019470739088487826	0.9943682746407305	0.0006107051058679066	1.0	1.0	1.0	0.01947075585335214	0.9825848547370649	0.0005435854995275126	0.3417354478285146	1.0	1.0
266.2660898602414	0.000521614382681857	1.0	1.0	1.0	0.019470738941334338	0.9944705918608515	0.0006014053450500319	1.0	1.0	1.0	0.019470755228422756	0.9828816980441781	0.0005332650920863589	0.3417354478285146	1.0	1.0
267.2660898602414	0.0005151071202919013	1.0	1.0	1.0	0.01947073879838556	0.9945710501811045	0.0005923970799854138	1.0	1.0	1.0	0.019470754621303217	0.9831736387811817	0.0005232633826020218	0.3417354478285146	1.0	1.0
268.2660898602414	0.0005088038243684409	1.0	1.0	1.0	0.01947073865952135	0.9946696833739933	0.0005836711739042269	1.0	1.0	1.0	0.019470754031486362	0.9834607537157967	0.0005135707510761435	0.3417354478285146	1.0	1.0
269.2660898602414	0.0005026981016977151	1.0	1.0	1.0	0.019470738524624994	0.9947665245984428	0.0005752187764235357	1.0	1.0	1.0	0.019470753458479463	0.9837431185295904	0.0005041778505509723	0.3417354478285146	1.0	1.0
270.2660898602414	0.0004967837594576402	1.0	1.0	1.0	0.019470738393583122	0.9948616064109463	0.0005670313145706606	1.0	1.0	1.0	0.0194707529018038	0.9840208078299708	0.000495075600748731	0.3417354478285146	1.0	1.0
271.2660898602414	0.0004910547989366447	1.0	1.0	1.0	0.019470738266285592	0.9949549607765105	0.0005591004840879094	1.0	1.0	1.0	0.019470752360994277	0.984293895162156	0.0004862551817408483	0.3417354478285146	1.0	1.0
272.2660898602414	0.0004855054094493856	1.0	1.0	1.0	0.019470738142625416	0.9950466190794015	0.0005514182410098581	1.0	1.0	1.0	0.01947075183559903	0.9845624530211168	0.0004777080276591893	0.3417354478285146	1.0	1.0
273.2660898602414	0.0004801299624431718	1.0	1.0	1.0	0.01947073802249866	0.9951366121336962	0.0005439767935046375	1.0	1.0	1.0	0.01947075132517905	0.9848265528634852	0.0004694258204600375	0.3417354478285146	1.0	1.0
274.2660898602414	0.0004749230057891193	1.0	1.0	1.0	0.019470737905804367	0.995224970193641	0.000536768593970948	1.0	1.0	1.0	0.019470750829307815	0.9850862651194283	0.0004614004837503074	0.3417354478285146	1.0	1.0
275.2660898602414	0.00046987925825224644	1.0	1.0	1.0	0.019470737792444452	0.995311722963823	0.0005297863313827918	1.0	1.0	1.0	0.019470750347570953	0.9853416592044804	0.0004536241766843151	0.3417354478285146	1.0	1.0
276.2660898602414	0.00046499360413490093	1.0	1.0	1.0	0.019470737682323644	0.9953968996091561	0.000523022923874153	1.0	1.0	1.0	0.019470749879565864	0.9855928035313315	0.0004460892879383784	0.3417354478285146	1.0	1.0
277.2660898602414	0.00046026108808808577	1.0	1.0	1.0	0.019470737575349388	0.9954805287646861	0.0005164715115561076	1.0	1.0	1.0	0.01947074942490142	0.9858397655215686	0.00043878842976955926	0.3417354478285146	1.0	1.0
278.2660898602414	0.0004556769100854212	1.0	1.0	1.0	0.019470737471431777	0.9955626385452169	0.0005101254495590768	1.0	1.0	1.0	0.01947074898319761	0.986082611617366	0.00043171443216398784	0.3417354478285146	1.0	1.0
279.2660898602414	0.00045123642055464486	1.0	1.0	1.0	0.01947073737048347	0.9956432565547626	0.0005039783012931675	1.0	1.0	1.0	0.01947074855408525	0.9863214072931212	0.00042486033707941575	0.3417354478285146	1.0	1.0
280.2660898602414	0.00044693511566171244	1.0	1.0	1.0	0.019470737272419623	0.9957224098958274	0.0004980238319197627	1.0	1.0	1.0	0.019470748137205653	0.9865562170670348	0.0004182193927859226	0.3417354478285146	1.0	1.0
281.2660898602414	0.0004427686327427155	1.0	1.0	1.0	0.019470737177157818	0.9958001251785169	0.000492256002027742	1.0	1.0	1.0	0.01947074773221034	0.9867871045126294	0.0004117850483080489	0.3417354478285146	1.0	1.0
282.2660898602414	0.00043873274587898325	1.0	1.0	1.0	0.01947073708461799	0.9958764285294843	0.00048666896150791696	1.0	1.0	1.0	0.019470747338760763	0.9870141322702073	0.0004055509479710349	0.3417354478285146	1.0	1.0
283.2660898602414	0.0004348233616108802	1.0	1.0	1.0	0.019470736994722362	0.9959513456007136	0.00048125704361946917	1.0	1.0	1.0	0.019470746956527993	0.9872373620582419	0.0003995109260533093	0.3417354478285146	1.0	1.0
284.2660898602414	0.0004310365147859526	1.0	1.0	1.0	0.01947073690739538	0.9960249015781434	0.00047601475924237196	1.0	1.0	1.0	0.01947074658519247	0.9874568546847027	0.00039365900154688695	0.3417354478285146	1.0	1.0
285.2660898602414	0.0004273683645372122	1.0	1.0	1.0	0.019470736822563648	0.9960971211901339	0.0004709367913099671	1.0	1.0	1.0	0.019470746224443735	0.9876726700583099	0.0003879893730268993	0.3417354478285146	1.0	1.0
286.2660898602414	0.00042381519038747826	1.0	1.0	1.0	0.019470736740155866	0.9961680287157806	0.0004660179894160492	1.0	1.0	1.0	0.01947074587398016	0.9878848671997176	0.00038249641363108594	0.3417354478285146	1.0	1.0
287.2660898602414	0.00042037338847582744	1.0	1.0	1.0	0.019470736660102777	0.9962376479930758	0.0004612533645909879	1.0	1.0	1.0	0.019470745533508704	0.9880935042526223	0.00037717466614972325	0.3417354478285146	1.0	1.0
288.2660898602414	0.00041703946790232264	1.0	1.0	1.0	0.019470736582337094	0.9963060024269234	0.00045663808424158944	1.0	1.0	1.0	0.019470745202744666	0.988298638494797	0.00037201883822614757	0.3417354478285146	1.0	1.0
289.2660898602414	0.0004138100471873149	1.0	1.0	1.0	0.01947073650679346	0.9963731149970066	0.0004521674672495657	1.0	1.0	1.0	0.019470744881411456	0.9885003263490466	0.0003670237976677475	0.3417354478285146	1.0	1.0
290.2660898602414	0.00041068185084172605	1.0	1.0	1.0	0.019470736433408384	0.9964390082655139	0.0004478369792236389	1.0	1.0	1.0	0.019470744569240354	0.988698623394084	0.0003621845678670452	0.3417354478285146	1.0	1.0
291.2660898602414	0.0004076517060448342	1.0	1.0	1.0	0.019470736362120187	0.9965037043847236	0.00044364222790046587	1.0	1.0	1.0	0.01947074426597029	0.9888935843753264	0.0003574963233322605	0.3417354478285146	1.0	1.0
292.2660898602414	0.00040471653942619203	1.0	1.0	1.0	0.019470736292868954	0.9965672251044512	0.0004395789586897188	1.0	1.0	1.0	0.019470743971347626	0.9890852632156083	0.00035295438532655267	0.3417354478285146	1.0	1.0
293.2660898602414	0.00040187337394841414	1.0	1.0	1.0	0.01947073622559648	0.9966295917793616	0.00043564305035880186	1.0	1.0	1.0	0.01947074368512595	0.9892737130258115	0.0003485542176149558	0.3417354478285146	1.0	1.0
294.2660898602414	0.00039911932588767153	1.0	1.0	1.0	0.019470736160246225	0.996690825376148	0.00043183051085282854	1.0	1.0	1.0	0.019470743407065866	0.9894589861154098	0.00034429142231786816	0.3417354478285146	1.0	1.0
295.2660898602414	0.0003964516019088308	1.0	1.0	1.0	0.019470736096763266	0.9967509464805804	0.00042813747324561927	1.0	1.0	1.0	0.019470743136934785	0.9896411340029281	0.0003401617358698204	0.3417354478285146	1.0	1.0
296.2660898602414	0.00039386749623227164	1.0	1.0	1.0	0.019470736035094246	0.9968099753044267	0.0004245601918176126	1.0	1.0	1.0	0.019470742874506747	0.9898202074263136	0.0003361610250821258	0.3417354478285146	1.0	1.0
297.2660898602414	0.00039136438788950855	1.0	1.0	1.0	0.019470735975187333	0.9968679316922471	0.0004210950382567126	1.0	1.0	1.0	0.01947074261956223	0.9899962563532199	0.00033228528330791503	0.3417354478285146	1.0	1.0
298.2660898602414	0.0003889397380648338	1.0	1.0	1.0	0.01947073591699218	0.9969248351280657	0.00041773849797821754	1.0	1.0	1.0	0.019470742371887957	0.9901693299912009	0.0003285306267079681	0.3417354478285146	1.0	1.0
299.2660898602414	0.00038659108752028495	1.0	1.0	1.0	0.019470735860459873	0.9969807047419208	0.0004144871665600995	1.0	1.0	1.0	0.01947074213127673	0.9903394767978158	0.0003248932906156804	0.3417354478285146	1.0	1.0
300.2660898602414	0.0003843160541013254	1.0	1.0	1.0	0.019470735805542903	0.9970355593162961	0.00041133774629001704	1.0	1.0	1.0	0.019470741897527243	0.9905067444906427	0.0003213696259994383	0.3417354478285146	1.0	1.0
301.2660898602414	0.0003821123303207078	1.0	1.0	1.0	0.019470735752195108	0.9970894172924348	0.0004082870428205607	1.0	1.0	1.0	0.019470741670443936	0.9906711800572013	0.0003179560960206243	0.3417354478285146	1.0	1.0
302.2660898602414	0.00037997768101807	1.0	1.0	1.0	0.019470735700371656	0.9971422967765399	0.0004053319619293375	1.0	1.0	1.0	0.019470741449836806	0.9908328297647836	0.00031464927268543236	0.3417354478285146	1.0	1.0
303.2660898602414	0.0003779099410928898	1.0	1.0	1.0	0.01947073565002899	0.9971942155458602	0.00040246950638060853	1.0	1.0	1.0	0.019470741235521265	0.9909917391701919	0.0003114458335886378	0.3417354478285146	1.0	1.0
304.2660898602414	0.00037590701330849887	1.0	1.0	1.0	0.019470735601124795	0.9972451910546679	0.00039969677288529743	1.0	1.0	1.0	0.019470741027317984	0.991147953129384	0.00030834255874744227	0.3417354478285146	1.0	1.0
305.2660898602414	0.0003739668661649282	1.0	1.0	1.0	0.01947073555361797	0.9972952404401256	0.000397010949156285	1.0	1.0	1.0	0.01947074082505274	0.9913015158070249	0.0003053363275234946	0.3417354478285146	1.0	1.0
306.2660898602414	0.00037208753183842877	1.0	1.0	1.0	0.01947073550746859	0.997344380528048	0.0003944093110560043	1.0	1.0	1.0	0.019470740628556277	0.9914524706859448	0.000302424115631178	0.3417354478285146	1.0	1.0
307.2660898602414	0.00037026710418557615	1.0	1.0	1.0	0.019470735462637865	0.9973926278385579	0.0003918892198334428	1.0	1.0	1.0	0.01947074043766415	0.9916008605765034	0.00029960299223024615	0.3417354478285146	1.0	1.0
308.2660898602414	0.00036850373680993555	1.0	1.0	1.0	0.019470735419088118	0.9974399985916408	0.00038944811944774903	1.0	1.0	1.0	0.019470740252216612	0.9917467276258592	0.00029687011710089243	0.3417354478285146	1.0	1.0
309.2660898602414	0.00036679564118932635	1.0	1.0	1.0	0.019470735376782747	0.9974865087125974	0.00038708353397572896	1.0	1.0	1.0	0.019470740072058453	0.9918901133271449	0.0002942227378993383	0.3417354478285146	1.0	1.0
310.2660898602414	0.0003651410848617859	1.0	1.0	1.0	0.019470735335686194	0.9975321738373972	0.00038479306510060365	1.0	1.0	1.0	0.019470739897038892	0.9920310585285479	0.00029165818749203647	0.3417354478285146	1.0	1.0
311.2660898602414	0.0003635383896683941	1.0	1.0	1.0	0.019470735295763916	0.9975770093179356	0.0003825743896794797	1.0	1.0	1.0	0.019470739727011438	0.9921696034422961	0.0002891738813665963	0.3417354478285146	1.0	1.0
312.2660898602414	0.0003619859300511748	1.0	1.0	1.0	0.019470735256982365	0.9976210302271944	0.00038042525738706646	1.0	1.0	1.0	0.019470739561833778	0.9923057876535494	0.00028676731511755336	0.3417354478285146	1.0	1.0
313.2660898602414	0.00036048213140434907	1.0	1.0	1.0	0.019470735219308945	0.9976642513643095	0.00037834348843324926	1.0	1.0	1.0	0.019470739401367655	0.9924396501291958	0.0002844360620051241	0.3417354478285146	1.0	1.0
314.2660898602414	0.00035902546847726725	1.0	1.0	1.0	0.01947073518271199	0.997706687259546	0.0003763269713522041	1.0	1.0	1.0	0.019470739245478742	0.992571229226553	0.00028217777058510716	0.3417354478285146	1.0	1.0
315.2660898602414	0.00035761446382740045	1.0	1.0	1.0	0.019470735147160745	0.9977483521791831	0.0003743736608608114	1.0	1.0	1.0	0.019470739094036547	0.9927005627019762	0.0002799901624081151	0.3417354478285146	1.0	1.0
316.2660898602414	0.0003562476863218218	1.0	1.0	1.0	0.01947073511262533	0.9977892601303101	0.00037248157578419644	1.0	1.0	1.0	0.01947073894691429	0.9928276877193696	0.00027787102978634674	0.3417354478285146	1.0	1.0
317.2660898602414	0.0003549237496856583	1.0	1.0	1.0	0.019470735079076713	0.9978294248655355	0.0003706487970462927	1.0	1.0	1.0	0.019470738803988814	0.9929526408586057	0.0002758182336261352	0.3417354478285146	1.0	1.0
318.2660898602414	0.0003536413110960403	1.0	1.0	1.0	0.019470735046486706	0.9978688598876102	0.0003688734657233896	1.0	1.0	1.0	0.019470738665140458	0.9930754581238489	0.00027382970132453643	0.3417354478285146	1.0	1.0
319.2660898602414	0.00035239906982012287	1.0	1.0	1.0	0.019470735014827913	0.997907578453967	0.0003671537811586911	1.0	1.0	1.0	0.01947073853025297	0.9931961749517862	0.0002719034247282509	0.3417354478285146	1.0	1.0
320.2660898602414	0.0003511957658957981	1.0	1.0	1.0	0.019470734984073725	0.9979455935811778	0.00036548799913597193	1.0	1.0	1.0	0.019470738399213424	0.9933148262197636	0.0002700374581532022	0.3417354478285146	1.0	1.0
321.2660898602414	0.0003500301788537591	1.0	1.0	1.0	0.019470734954198297	0.9979829180493293	0.0003638744301104798	1.0	1.0	1.0	0.019470738271912102	0.9934314462538294	0.00026822991646312824	0.3417354478285146	1.0	1.0
322.2660898602414	0.0003489011264796204	1.0	1.0	1.0	0.01947073492517652	0.9980195644063192	0.0003623114374952891	1.0	1.0	1.0	0.019470738148242413	0.9935460688366848	0.0002664789732055695	0.3417354478285146	1.0	1.0
323.2660898602414	0.0003478074636148392	1.0	1.0	1.0	0.019470734896984	0.9980555449720754	0.00036079743600136755	1.0	1.0	1.0	0.019470738028100804	0.9936587272155416	0.0002647828588036762	0.3417354478285146	1.0	1.0
324.2660898602414	0.00034674808099522086	1.0	1.0	1.0	0.019470734869597044	0.998090871842697	0.0003593308900296728	1.0	1.0	1.0	0.019470737911386673	0.9937694541098876	0.0002631398588022831	0.3417354478285146	1.0	1.0
325.2660898602414	0.00034572190412583063	1.0	1.0	1.0	0.019470734842992634	0.998125556894521	0.0003579103121136475	1.0	1.0	1.0	0.019470737798002284	0.9938782817191603	0.0002615483121667389	0.3417354478285146	1.0	1.0
326.2660898602414	0.00034472789219117117	1.0	1.0	1.0	0.019470734817148408	0.9981596117881152	0.00035653426141053415	1.0	1.0	1.0	0.01947073768785269	0.9939852417303291	0.00026000660963300685	0.3417354478285146	1.0	1.0
327.2660898602414	0.0003437650369995192	1.0	1.0	1.0	0.019470734792042647	0.9981930479721981	0.00035520134223997803	1.0	1.0	1.0	0.019470737580845644	0.9940903653253867	0.0002585131921075879	0.3417354478285146	1.0	1.0
328.2660898602414	0.00034283236196035215	1.0	1.0	1.0	0.019470734767654246	0.9982258766874879	0.0003539102026684374	1.0	1.0	1.0	0.019470737476891535	0.9941936831887499	0.00025706654911585106	0.3417354478285146	1.0	1.0
329.2660898602414	0.0003419289210938259	1.0	1.0	1.0	0.01947073474396271	0.9982581089704812	0.00035265953313796424	1.0	1.0	1.0	0.0194707373759033	0.9942952255145703	0.00025566521729738795	0.3417354478285146	1.0	1.0
330.2660898602414	0.00034105379807130074	1.0	1.0	1.0	0.01947073472094813	0.9982897556571635	0.0003514480651379652	1.0	1.0	1.0	0.019470737277796357	0.9943950220139557	0.0002543077789470423	0.3417354478285146	1.0	1.0
330.2660898602414	0.00034105379807130074	1.0	1.0	1.0	0.01947073472094813	0.9982897556571635	0.0003514480651379652	1.0	1.0	1.0	0.019470737277796357	0.9943950220139557	0.0002543077789470423	0.3417354478285146	1.0	1.0
