t	r_TF1	r_TF2	r_KP1	r_KP2	r_KP3	r_O1	p_TF1	p_TF2	p_KP1	p_KP2	p_KP3	p_O1	ψ_TF1	ψ_TF2	ψ_KP1	ψ_KP2	ψ_KP3
0.0	1.0	1.0	1.0	1.0	0.5532401049478649	0.7614051688711246	1.0	1.0	1.0	1.0	0.5528343627420871	0.7582493105922207	0.4400909093651513	0.573278841773373	1.0	0.49999999999973915	0.5513264674778038
0.24853384252735805	1.0	0.9889309616310237	1.0	1.0	0.5532401992360233	0.7614166457424477	1.0	0.9999598176080323	1.0	1.0	0.5528366078747384	0.7582739179813194	0.44009090936517653	0.5732846765447205	1.0	0.4999999999997434	0.551335909644868
1.248533842527358	1.0	0.9456184267766307	1.0	1.0	0.5532405722532429	0.7614622604333813	1.0	0.9990105879388553	1.0	1.0	0.5528455217314373	0.7583718970415936	0.44009090936527406	0.5732934356807443	1.0	0.4999999999997599	0.5513734477295369
2.248533842527358	1.0	0.9042032935769814	1.0	1.0	0.553240935286729	0.7615066061999926	1.0	0.9968686989504436	1.0	1.0	0.5528542469289788	0.7584682373502268	0.4400909093653654	0.573246782592485	1.0	0.49999999999977535	0.5514102695809295
3.248533842527358	1.0	0.8646024421442299	1.0	1.0	0.5532412886036943	0.7615488173427459	1.0	0.9936219515367682	1.0	1.0	0.5528627874147852	0.7585629380119894	0.44009090936545087	0.5731070082136714	1.0	0.4999999999997898	0.5514463884058721
4.248533842527358	1.0	0.8267363938415737	1.0	1.0	0.5532416324641993	0.7615876291384205	1.0	0.9893532761095994	1.0	1.0	0.552871147054955	0.7586559649691247	0.4400909093655309	0.5728418110252684	1.0	0.49999999999980327	0.5514818171792479
5.248533842527358	1.0	0.790529151770176	1.0	1.0	0.5532419671213443	0.7616214468787514	1.0	0.984140975463185	1.0	1.0	0.5528793296359018	0.75874724077516	0.44009090936560585	0.5724237903812123	1.0	0.49999999999981587	0.5515165686477739
6.248533842527358	1.0	0.7559080482439116	1.0	1.0	0.5532422928214553	0.7616484062406091	1.0	0.9780589561498516	1.0	1.0	0.5528873388659625	0.7588366366854001	0.440090909365676	0.5718299798193127	1.0	0.4999999999998277	0.551550655333724
7.248533842527358	1.0	0.7228035989458198	1.0	1.0	0.5532426098042655	0.7616664256849645	1.0	0.9711769488943142	1.0	1.0	0.5528951783769729	0.7589239667347928	0.44009090936574174	0.5710414174745078	1.0	0.49999999999983874	0.5515840895385998
8.248533842527358	1.0	0.6911493634735579	1.0	1.0	0.5532429183030917	0.7616732516242289	1.0	0.9635607185506526	1.0	1.0	0.5529028517258131	0.7590089835063993	0.44009090936580325	0.5700427509085656	1.0	0.4999999999998491	0.5516168833467469
9.248533842527358	1.0	0.66088181199397	1.0	1.0	0.5532432185450058	0.7616664971025119	1.0	0.955272264083154	1.0	1.0	0.5529103623959226	0.7590913753259372	0.4400909093658608	0.5688218738542524	1.0	0.4999999999998588	0.5516490486289208
10.248533842527358	1.0	0.631940197739148	1.0	1.0	0.5532435107510025	0.7616436747123307	1.0	0.946370009030472	1.0	1.0	0.5529177137987856	0.7591707646488176	0.4400909093659147	0.5673695925437597	1.0	0.49999999999986783	0.5516805970458012
11.248533842527358	1.0	0.6042664350880861	1.0	1.0	0.5532437951361616	0.7616022244332323	1.0	0.9369089828917829	1.0	1.0	0.552924909275387	0.759246707435168	0.4400909093659652	0.5656793194515928	1.0	0.4999999999998763	0.5517115400514541
12.248533842527358	1.0	0.5778049829892381	1.0	1.0	0.5532440719098062	0.7615395370293552	1.0	0.9269409938537732	1.0	1.0	0.5529319520976398	0.7593186933351379	0.4400909093660124	0.5637467924318983	1.0	0.49999999999988426	0.5517418888967447
13.248533842527358	1.0	0.5525027334900086	1.0	1.0	0.5532443412756568	0.761452973589172	1.0	0.9165147932583343	1.0	1.0	0.5529388454697851	0.7593861465311765	0.44009090936605666	0.561569817370036	1.0	0.4999999999998917	0.5517716546327002
14.248533842527358	1.0	0.5283089051494568	1.0	1.0	0.5532446034319817	0.7613398817350648	1.0	0.9056762321927345	1.0	1.0	0.5529455925297634	0.7594484271058995	0.44009090936609807	0.5591480325987267	1.0	0.49999999999989864	0.5518008481138227
15.248533842527358	1.0	0.5051749411202937	1.0	1.0	0.5532448585717422	0.7611976089754948	1.0	0.8944684105667351	1.0	1.0	0.5529521963505597	0.7595048328237057	0.4400909093661368	0.5564826934509305	1.0	0.49999999999990513	0.5518294800013543
16.248533842527358	1.0	0.48305441169562285	1.0	1.0	0.5532451068827354	0.7610235136199701	1.0	0.8829318190245956	1.0	1.0	0.5529586599415223	0.7595546012315683	0.44009090936617307	0.5535764754352975	1.0	0.4999999999999112	0.5518575607664931
17.248533842527358	1.0	0.46190292112483755	1.0	1.0	0.5532453485477319	0.7608149736278237	1.0	0.8711044740241292	1.0	1.0	0.5529649862496544	0.7595969119995855	0.44009090936620704	0.5504332946261121	1.0	0.4999999999999169	0.5518851006935618
18.248533842527358	1.0	0.44167801851165445	1.0	1.0	0.5532455837446104	0.7605693937165394	1.0	0.8590220463998883	1.0	1.0	0.5529711781608818	0.7596308894351005	0.44009090936623885	0.5470581439586146	1.0	0.49999999999992223	0.5519121098831299
19.248533842527358	1.0	0.4223391126154562	1.0	1.0	0.5532458126464889	0.7602842110142541	1.0	0.8467179837131642	1.0	1.0	0.5529772385012941	0.75965560511568	0.4400909093662686	0.5434569442129021	1.0	0.4999999999999272	0.551938598255088
20.248533842527358	1.0	0.4038473903849505	1.0	1.0	0.5532460354218518	0.75995689950412	1.0	0.8342236266777209	1.0	1.0	0.5529831700383623	0.7596700805961581	0.44009090936629647	0.5396364085557032	1.0	0.4999999999999319	0.5519645755516771
21.248533842527358	1.0	0.3861657390606426	1.0	1.0	0.553246252234674	0.7595849734752953	1.0	0.8215683199370525	1.0	1.0	0.5529889754821317	0.759673290153483	0.44009090936632256	0.5356039195896113	1.0	0.4999999999999363	0.5519900513404724
22.248533842527358	1.0	0.36925867168978216	1.0	1.0	0.553246463244542	0.7591659901662037	1.0	0.8087795174563972	1.0	1.0	0.5529946574863916	0.7596641635404083	0.440090909366347	0.5313674179342169	1.0	0.4999999999999404	0.5520150350173215
23.248533842527358	1.0	0.35309225590429255	1.0	1.0	0.5532466686067704	0.7586975517600728	1.0	0.7958828827807566	1.0	1.0	0.5530002186498219	0.7596415887253103	0.44009090936636985	0.5269353014333582	1.0	0.4999999999999442	0.5520395358092387
24.248533842527358	1.0	0.3376340458187414	1.0	1.0	0.5532468684725174	0.7581773068703086	1.0	0.7829023843987226	1.0	1.0	0.5530056615171158	0.7596044146007034	0.4400909093663913	0.5223163341477515	1.0	0.4999999999999478	0.5520635627772551
25.248533842527358	1.0	0.32285301691167134	1.0	1.0	0.5532470629888951	0.7576029516336674	1.0	0.769860386440977	1.0	1.0	0.5530109885800822	0.759551453647519	0.4400909093664113	0.5175195643528705	1.0	0.49999999999995115	0.5520871248192258
26.248533842527358	1.0	0.3087195037595986	1.0	1.0	0.5532472522990785	0.7569722305121311	1.0	0.7567777349318877	1.0	1.0	0.5530162022787243	0.7594814845459861	0.4400909093664301	0.5125542508184152	1.0	0.4999999999999543	0.552110230672594
27.248533842527358	1.0	0.2952051404987118	1.0	1.0	0.5532474365424102	0.7562829368895745	1.0	0.7436738398026534	1.0	1.0	0.5530213050022976	0.7593932547271278	0.4400909093664476	0.5074297966983143	1.0	0.49999999999995726	0.5521328889171125
28.248533842527358	1.0	0.2822828038947783	1.0	1.0	0.5532476158545035	0.7555329135364596	1.0	0.7305667528649213	1.0	1.0	0.5530262990903473	0.7592854828615285	0.4400909093664641	0.5021556904092026	1.0	0.49999999999996	0.5521551079775244
29.248533842527358	1.0	0.2699265589069989	1.0	1.0	0.5532477903673423	0.7547200530046491	1.0	0.7174732419347082	1.0	1.0	0.5530311868337235	0.7591568612842227	0.4400909093664795	0.49674145292093524	1.0	0.49999999999996253	0.5521768961262012
30.248533842527358	1.0	0.2581116066365599	1.0	1.0	0.5532479602093775	0.7538422980047605	1.0	0.7044088612877679	1.0	1.0	0.5530359704755784	0.7590060583563575	0.4400909093664939	0.491196590925179	1.0	0.4999999999999649	0.5521982614857416
31.248533842527358	1.0	0.24681423455541282	1.0	1.0	0.5532481255056223	0.7528976418100916	1.0	0.6913880186192543	1.0	1.0	0.5530406522123411	0.7588317207657516	0.4400909093665074	0.48553055538765355	1.0	0.4999999999999672	0.5522192120315287
32.24853384252736	1.0	0.23601176891539385	1.0	1.0	0.553248286377744	0.7518841287238391	1.0	0.6784240386726027	1.0	1.0	0.5530452341946751	0.7586324757696511	0.44009090936652	0.4797527050263935	1.0	0.4999999999999693	0.552239755594249
33.24853384252736	1.0	0.22568252924216692	1.0	1.0	0.5532484429441534	0.7507998546399656	1.0	0.6655292236949955	1.0	1.0	0.5530497185284153	0.7584069333839197	0.44009090936653184	0.47387227429262946	1.0	0.49999999999997125	0.552259899862371
34.24853384252736	1.0	0.21580578482266072	1.0	1.0	0.553248595320092	0.7496429677224729	1.0	0.6527149108695462	1.0	1.0	0.553054107275487	0.758153688523617	0.44009090936654294	0.4678983454627342	1.0	0.4999999999999731	0.5522796523845854
35.24853384252736	1.0	0.20636171309866985	1.0	1.0	0.5532487436177169	0.7484116692229309	1.0	0.639991526867446	1.0	1.0	0.5530584024548058	0.7578713231004545	0.44009090936655326	0.46183982447928895	1.0	0.4999999999999748	0.5522990205722077
36.24853384252736	1.0	0.19733135988311679	1.0	1.0	0.5532488879461834	0.7471042144517425	1.0	0.6273686396567244	1.0	1.0	0.5530626060431604	0.7575584080829957	0.440090909366563	0.45570542020686206	1.0	0.4999999999999764	0.5523180117015422
37.24853384252736	1.0	0.1886966013191285	1.0	1.0	0.5532490284117254	0.7457189139147363	1.0	0.6148550076979933	1.0	1.0	0.5530667199760769	0.7572135055257	0.4400909093665721	0.44950362679368155	1.0	0.4999999999999779	0.5523366329162096
38.24853384252736	1.0	0.1804401075055803	1.0	1.0	0.5532491651177333	0.7442541346231778	1.0	0.6024586266515332	1.0	1.0	0.5530707461486664	0.7568351705730262	0.4400909093665806	0.44324270885416817	1.0	0.49999999999997935	0.5523548912294378
39.24853384252736	1.0	0.17254530771610324	1.0	1.0	0.5532492981648301	0.7427083015821068	1.0	0.5901867737143519	1.0	1.0	0.5530746864164546	0.7564219534448199	0.44009090936658857	0.4369306892093902	1.0	0.4999999999999807	0.552372793526316
40.24853384252736	1.0	0.16499635714175023	1.0	1.0	0.5532494276509462	0.7410798994590022	1.0	0.5780460497003715	1.0	1.0	0.5530785425961966	0.75597240140912	0.440090909366596	0.43057533894302263	1.0	0.4999999999999819	0.552390346566013
41.24853384252736	1.0	0.15777810509057325	1.0	1.0	0.5532495536713904	0.7393674744320822	1.0	0.5660424189716711	1.0	1.0	0.5530823164666728	0.7554850607483528	0.440090909366603	0.4241841695494479	1.0	0.49999999999998307	0.5524075569839618
42.24853384252736	1.0	0.1508760645802886	1.0	1.0	0.5532496763189207	0.7375696362150408	1.0	0.5541812473237269	1.0	1.0	0.5530860097694712	0.7549584787246314	0.4400909093666095	0.41776442696832344	1.0	0.4999999999999842	0.552424431294007
43.24853384252736	1.0	0.14427638326300313	1.0	1.0	0.5532497956838126	0.7356850602526698	1.0	0.5424673379228278	1.0	1.0	0.5530896242097524	0.7543912055495724	0.4400909093666156	0.41132308731635375	1.0	0.4999999999999852	0.5524409758905197
44.24853384252736	1.0	0.13796581562364704	1.0	1.0	0.5532499118539252	0.7337124900795847	1.0	0.530904965389294	1.0	1.0	0.5530931614569997	0.7537817963636598	0.4400909093666213	0.4048668541422304	1.0	0.4999999999999861	0.5524571970504781
45.24853384252736	1.0	0.13193169639631624	1.0	1.0	0.5532500249147664	0.7316507398321634	1.0	0.5194979081157908	1.0	1.0	0.5530966231457545	0.753128813229762	0.44009090936662665	0.3984021570448241	1.0	0.499999999999987	0.5524731009355146
46.24853384252736	1.0	0.12616191514517058	1.0	1.0	0.553250134949555	0.7294986969017857	1.0	0.5082494789058808	1.0	1.0	0.5531000108763358	0.7524308271449256	0.44009090936663164	0.3919351515078013	1.0	0.49999999999998784	0.5524886935939299
47.24853384252736	1.0	0.12064489195887236	1.0	1.0	0.5532502420392829	0.727255324715541	1.0	0.4971625540140064	1.0	1.0	0.5531033262155465	0.7516864200740424	0.44009090936663636	0.3854717198159688	1.0	0.4999999999999886	0.5525039809626751
48.24853384252736	1.0	0.11536955420978379	1.0	1.0	0.5532503462627739	0.7249196656287348	1.0	0.4862396006643156	1.0	1.0	0.5531065706973644	0.750894187008419	0.44009090936664075	0.37901747292988713	1.0	0.49999999999998934	0.5525189688693007
49.24853384252736	1.0	0.11032531433127939	1.0	1.0	0.5532504476967425	0.7224908439117769	1.0	0.4754827031221422	1.0	1.0	0.5531097458236197	0.7500527380516727	0.44009090936664486	0.3725777532056982	1.0	0.49999999999999	0.5525336630338762
50.24853384252736	1.0	0.10550204856857251	1.0	1.0	0.5532505464158496	0.7199680688123864	1.0	0.4648935873885097	1.0	1.0	0.5531128530646592	0.7491607005347345	0.44009090936664874	0.36615763785674527	1.0	0.4999999999999906	0.5525480690708757
51.24853384252736	1.0	0.10089007666040901	1.0	1.0	0.553250642492758	0.7173506376724962	1.0	0.454473644584747	1.0	1.0	0.5531158938599957	0.7482167211610752	0.44009090936665235	0.3597619430624748	1.0	0.49999999999999123	0.5525621924910354
52.24853384252736	1.0	0.09648014241084941	1.0	1.0	0.5532507359981857	0.7146379390778037	1.0	0.44422395309116697	1.0	1.0	0.5531188696189461	0.7472194681825702	0.44009090936665574	0.3533952286383518	1.0	0.4999999999999918	0.5525760387031793
53.24853384252736	1.0	0.09226339511214723	1.0	1.0	0.553250827000958	0.7118294560166029	1.0	0.4341452995007726	1.0	1.0	0.5531217817212549	0.7461676336057069	0.4400909093666589	0.3470618031881403	1.0	0.4999999999999923	0.5525896130160156
54.24853384252736	1.0	0.08823137178143932	1.0	1.0	0.5532509155680577	0.7089247690233558	1.0	0.4242381984460958	1.0	1.0	0.5531246315177065	0.745059935427102	0.44009090936666184	0.3407657296669382	1.0	0.4999999999999928	0.5526029206399041
55.24853384252736	1.0	0.08437598017559743	1.0	1.0	0.5532510017646755	0.7059235592814457	1.0	0.414502911354555	1.0	1.0	0.5531274203307239	0.743895119896556	0.4400909093666646	0.3345108312898609	1.0	0.4999999999999932	0.5526159666885936
56.24853384252736	1.0	0.08068948255015178	1.0	1.0	0.5532510856542566	0.7028256116587	1.0	0.40493946418511373	1.0	1.0	0.5531301494549561	0.7426719638051188	0.4400909093666672	0.32830069772726583	1.0	0.49999999999999367	0.5526287561809315
57.24853384252736	1.0	0.07716448012969111	1.0	1.0	0.5532511672985486	0.6996308176486107	1.0	0.39554766419654475	1.0	1.0	0.5531328201578528	0.741389276794893	0.44009090936666967	0.3221386915329481	1.0	0.49999999999999406	0.5526412940425456
58.24853384252736	1.0	0.07379389825857126	1.0	1.0	0.5532512467576461	0.6963391781897178	1.0	0.3863271157952355	1.0	1.0	0.5531354336802284	0.7400459036865552	0.44009090936667195	0.3160279547568423	1.0	0.49999999999999445	0.5526535851074971
59.24853384252736	1.0	0.07057097220212981	1.0	1.0	0.5532513240900355	0.692950806335378	1.0	0.3772772355082124	1.0	1.0	0.5531379912368137	0.7386407268198453	0.44009090936667405	0.3099714156984676	1.0	0.4999999999999948	0.5526656341199072
60.24853384252736	1.0	0.06748923356991016	1.0	1.0	0.5532513993526378	0.6894659297461317	1.0	0.36839726612490636	1.0	1.0	0.5531404940167967	0.7371726684015577	0.44009090936667605	0.3039717957616853	1.0	0.4999999999999951	0.5526774457355563
61.24853384252736	1.0	0.0645424973336463	1.0	1.0	0.5532514726008504	0.6858848929771165	1.0	0.3596862900491248	1.0	1.0	0.5531429431843524	0.7356406928548845	0.4400909093666779	0.2980316163753243	1.0	0.49999999999999545	0.5526890245234568
62.24853384252736	1.0	0.06172484941395352	1.0	1.0	0.553251543888588	0.6822081595334628	1.0	0.35114324190073437	1.0	1.0	0.5531453398791623	0.734043809163301	0.4400909093666796	0.2921532059478938	1.0	0.4999999999999957	0.5527003749673995
63.24853384252736	1.0	0.0590306348108118	1.0	1.0	0.5532516132683224	0.6784363136673659	1.0	0.3427669204046868	1.0	1.0	0.5531476852169217	0.7323810732015704	0.4400909093666812	0.28633870682797186	1.0	0.499999999999996	0.5527115014674752
64.24853384252737	1.0	0.056454446254019505	1.0	1.0	0.553251680791121	0.6745700618915452	1.0	0.3345559996032327	1.0	1.0	0.5531499802898391	0.7306515900458757	0.44009090936668277	0.28059008224495074	1.0	0.4999999999999963	0.552722408341569
65.24853384252737	1.0	0.053991113350839316	1.0	1.0	0.5532517465066843	0.6706102341850981	1.0	0.3265090394254673	1.0	1.0	0.5531522261671232	0.7288545162545691	0.4400909093666842	0.274909123207656	1.0	0.4999999999999965	0.5527330998268323
66.24853384252737	1.0	0.05163569220905549	1.0	1.0	0.5532518104633827	0.6665577848693112	1.0	0.3186244956467248	1.0	1.0	0.5531544238954612	0.7269890621105758	0.44009090936668555	0.26929745534095806	1.0	0.4999999999999967	0.5527435800811271
67.24853384252737	1.0	0.04938345551461615	1.0	1.0	0.5532518727082918	0.6624137931328159	1.0	0.310900729268789	1.0	1.0	0.5531565744994871	0.7250544938160967	0.4400909093666868	0.26375654564287543	1.0	0.49999999999999695	0.552753853184449
68.24853384252737	1.0	0.04722988304394644	1.0	1.0	0.5532519332872273	0.6581794631875474	1.0	0.303336015350408	1.0	1.0	0.55315867898224	0.7230501356299415	0.440090909366688	0.2582877091468472	1.0	0.49999999999999717	0.5527639231403239
69.24853384252737	1.0	0.04517065259189088	1.0	1.0	0.5532519922447788	0.6538561240392738	1.0	0.2959285513161924	1.0	1.0	0.553160738325614	0.720975371937581	0.4400909093666891	0.2528921154758432	1.0	0.49999999999999734	0.5527737938771825
70.24853384252737	1.0	0.04320163129707732	1.0	1.0	0.5532520496243423	0.6494452288589962	1.0	0.2886764647706289	1.0	1.0	0.5531627534907976	0.7188296492438527	0.44009090936669015	0.2475707952767984	1.0	0.4999999999999975	0.5527834692497117
71.24853384252737	1.0	0.041318867347292496	1.0	1.0	0.5532521054681522	0.6449483539442422	1.0	0.2815778208426598	1.0	1.0	0.5531647254187053	0.7166124780781828	0.4400909093666911	0.2423246465255114	1.0	0.49999999999999767	0.552792953040182
72.24853384252737	1.0	0.039518582048222145	1.0	1.0	0.5532521598173128	0.6403671972621778	1.0	0.2746306290850551	1.0	1.0	0.5531666550303997	0.7143234348022047	0.440090909366692	0.23715444069365949	1.0	0.49999999999999784	0.5528022489597537
73.24853384252737	1.0	0.03779716223963741	1.0	1.0	0.5532522127118281	0.6357035765694998	1.0	0.2678328499516367	1.0	1.0	0.5531685432275052	0.7119621633097682	0.4400909093666928	0.2320608287709502	1.0	0.49999999999999795	0.5528113606497606
74.24853384252737	1.0	0.0361511530438071	1.0	1.0	0.5532522641906314	0.6309594271072209	1.0	0.26118240087430195	1.0	1.0	0.5531703908926129	0.7095283766095317	0.4400909093666936	0.2270443471366755	1.0	0.49999999999999806	0.5528202916829709
75.24853384252737	1.0	0.034577250931581836	1.0	1.0	0.553252314291614	0.6261367988716855	1.0	0.2546771619607329	1.0	1.0	0.5531721988896778	0.7070218582806274	0.44009090936669437	0.2221054232760631	1.0	0.49999999999999817	0.5528290455648284
76.24853384252737	1.0	0.0330722970922337	1.0	1.0	0.553252363051653	0.6212378534664175	1.0	0.2483149813326656	1.0	1.0	0.5531739680644074	0.7044424637922755	0.4400909093666951	0.21724438133783827	1.0	0.4999999999999983	0.5528376257346711
77.24853384252737	1.0	0.031633271093744836	1.0	1.0	0.5532524105066385	0.6162648605426607	1.0	0.2420936801236294	1.0	1.0	0.5531756992446425	0.7017901216787001	0.44009090936669576	0.2124614475303322	1.0	0.4999999999999984	0.5528460355669298
78.24853384252737	1.0	0.030257284820821125	1.0	1.0	0.5532524566915001	0.6112201938397028	1.0	0.23601105715414758	1.0	1.0	0.5531773932407299	0.6990648345612568	0.44009090936669637	0.20775675535430174	1.0	0.4999999999999985	0.5528542783723056
79.24853384252737	1.0	0.028941576678464632	1.0	1.0	0.5532525016402323	0.6061063268392147	1.0	0.2300648933015124	1.0	1.0	0.5531790508458879	0.69626668001033	0.4400909093666969	0.20313035067137158	1.0	0.4999999999999986	0.5528623573989279
80.24853384252737	1.0	0.027683506049471406	1.0	1.0	0.55325254538592	0.6009258280508717	1.0	0.22425295558041308	1.0	1.0	0.5531806728365641	0.693395811240273	0.4400909093666975	0.19858219660767787	1.0	0.4999999999999987	0.5528702758334919
81.24853384252737	1.0	0.026480547994730902	1.0	1.0	0.5532525879607623	0.5956813559494005	1.0	0.2185730009498987	1.0	1.0	0.5531822599727857	0.6904524576314525	0.440090909366698	0.19411217829289026	1.0	0.49999999999999883	0.5528780368023775
82.24853384252737	1.0	0.02533028818569052	1.0	1.0	0.5532526293960968	0.5903756535858885	1.0	0.21302277986139775	1.0	1.0	0.5531838129985025	0.6874369250743082	0.4400909093666984	0.1897201074353211	1.0	0.4999999999999989	0.5528856433727473
83.24853384252737	1.0	0.024230418058814797	1.0	1.0	0.5532526697224222	0.5850115428986635	1.0	0.20760003956179351	1.0	1.0	0.5531853326419236	0.6843495961312444	0.44009090936669887	0.1854057267343024	1.0	0.49999999999999895	0.5528930985536276
84.24853384252737	1.0	0.023178730182314235	1.0	1.0	0.5532527089694208	0.5795919187512797	1.0	0.20230252716486408	1.0	1.0	0.5531868196158463	0.6811909300131129	0.44009090936669926	0.18116871413142893	1.0	0.499999999999999	0.5529004052969694
85.24853384252737	1.0	0.02217311382584487	1.0	1.0	0.5532527471659807	0.5741197427270968	1.0	0.19712799250373833	1.0	1.0	0.5531882746179783	0.6779614623680374	0.44009090936669965	0.1770086869026333	1.0	0.49999999999999906	0.5529075664986917
86.24853384252737	1.0	0.021211550724286973	1.0	1.0	0.5532527843402167	0.5685980367116011	1.0	0.19207419077639354	1.0	1.0	0.5531896983312541	0.6746618048813315	0.4400909093667	0.17292520559337848	1.0	0.4999999999999991	0.5529145849997061
87.24853384252737	1.0	0.020292111027100813	1.0	1.0	0.5532528205194912	0.5630298762949681	1.0	0.18713888499562278	1.0	1.0	0.5531910914241438	0.671292644686292	0.4400909093667003	0.16891777779953382	1.0	0.49999999999999917	0.552921463586925
88.24853384252737	1.0	0.01941294942512988	1.0	1.0	0.553252855730434	0.5574183840283955	1.0	0.18231984825433184	1.0	1.0	0.5531924545509563	0.6678547435866756	0.44009090936670064	0.1649858617967401	1.0	0.4999999999999992	0.5529282049942502
89.24853384252737	1.0	0.018572301447078093	1.0	1.0	0.5532528899989624	0.5517667225684417	1.0	0.17761486581648356	1.0	1.0	0.553193788352136	0.6643489370926939	0.4400909093667009	0.16112887002127543	1.0	0.4999999999999993	0.5529348119035465
90.24853384252737	1.0	0.01776847991822801	1.0	1.0	0.5532529233502999	0.5460780877439771	1.0	0.17302173704349139	1.0	1.0	0.553195093454553	0.6607761332733688	0.4400909093667012	0.1573461724056073	1.0	0.49999999999999933	0.5529412869455969
91.24853384252737	1.0	0.016999871574292783	1.0	1.0	0.5532529558089949	0.5403557015804061	1.0	0.1685382771653721	1.0	1.0	0.553196370471788	0.6571373114290762	0.4400909093667015	0.15363709957196073	1.0	0.4999999999999994	0.5529476327010413
92.24853384252737	1.0	0.016264933823605797	1.0	1.0	0.5532529873989389	0.5346028053155468	1.0	0.1641623189054991	1.0	1.0	0.5531976200044111	0.6534335205890579	0.4400909093667017	0.15000094588735105	1.0	0.49999999999999944	0.5529538517012997
93.24853384252737	1.0	0.015562191651149804	1.0	1.0	0.5532530181433838	0.5288226524409836	1.0	0.15989171396735213	1.0	1.0	0.5531988426402541	0.649665877839588	0.4400909093667019	0.14643697238362485	1.0	0.4999999999999995	0.5529599464294783
94.24853384252737	1.0	0.014890234658211906	1.0	1.0	0.5532530480649593	0.5230185018018375	1.0	0.1557243343912339	1.0	1.0	0.5532000389546784	0.6458355664893368	0.4400909093667021	0.14294440954612458	1.0	0.49999999999999956	0.5529659193212602
95.24853384252737	1.0	0.014247714231723031	1.0	1.0	0.5532530771856894	0.5171936107867664	1.0	0.1516580737885193	1.0	1.0	0.5532012095108365	0.6419438340792807	0.4400909093667023	0.13952245997464716	1.0	0.49999999999999956	0.5529717727657801
96.24853384252737	1.0	0.01363334083760077	1.0	1.0	0.5532531055270083	0.5113512286386198	1.0	0.14769084846061853	1.0	1.0	0.5532023548599284	0.6379919902452352	0.4400909093667025	0.13617030092040183	1.0	0.49999999999999956	0.5529775091064845
97.24853384252737	1.0	0.013045881432663328	1.0	1.0	0.5532531331097772	0.5054945899145658	1.0	0.14382059840946726	1.0	1.0	0.5532034755414525	0.6339814044417625	0.44009090936670264	0.13288708670269347	1.0	0.49999999999999956	0.5529831306419755
98.24853384252737	1.0	0.012484156989920323	1.0	1.0	0.5532531599542982	0.4996269081227007	1.0	0.14004528824600893	1.0	1.0	0.5532045720834518	0.6299135035367928	0.4400909093667028	0.129671951009063	1.0	0.49999999999999956	0.552988639626841
99.24853384252737	1.0	0.011947040132273724	1.0	1.0	0.5532531860803306	0.4937513695601795	1.0	0.13636290800280074	1.0	1.0	0.5532056450027537	0.6257897692868191	0.440090909366703	0.12652400908261038	1.0	0.49999999999999956	0.5529940382724693
100.24853384252737	1.0	0.01143345286987976	1.0	1.0	0.5532532115071045	0.48787112737579125	1.0	0.13277147385655916	1.0	1.0	0.553206694805207	0.621611735702961	0.44009090936670314	0.12344235980020775	1.0	0.49999999999999956	0.5529993287478501
101.24853384252737	1.0	0.010942364436630698	1.0	1.0	0.5532532362533354	0.4819892958776826	1.0	0.1292690287661589	1.0	1.0	0.553207721985912	0.6173809863185487	0.44009090936670325	0.12042608764528213	1.0	0.49999999999999956	0.5530045131803607
102.24853384252737	1.0	0.010472789221414355	1.0	1.0	0.5532532603372381	0.4761089451046289	1.0	0.1258536430313127	1.0	1.0	0.5532087270294466	0.6130991513691545	0.44009090936670336	0.11747426457881074	1.0	0.49999999999999956	0.5530095936565386
103.24853384252737	1.0	0.010023784789999364	1.0	1.0	0.5532532837765395	0.4702330956768996	1.0	0.12252341477688673	1.0	1.0	0.5532097104100878	0.6087679048961961	0.4400909093667035	0.11458595181212723	1.0	0.49999999999999956	0.5530145722228405
104.24853384252737	1.0	0.009594449993576138	1.0	1.0	0.5532533065884923	0.46436471394038653	1.0	0.1192764703675463	1.0	1.0	0.5532106725920288	0.6043889617853463	0.4400909093667036	0.11176020148508606	1.0	0.49999999999999956	0.5530194508863876
105.24853384252737	1.0	0.009183923160157412	1.0	1.0	0.5532533287898873	0.4585067074152913	1.0	0.11611096475717946	1.0	1.0	0.5532116140295907	0.5999640747510273	0.4400909093667037	0.10899605825307486	1.0	0.49999999999999956	0.5530242316156978
106.24853384252737	1.0	0.008791380365208473	1.0	1.0	0.553253350397066	0.45266192055831933	1.0	0.11302508177731166	1.0	1.0	0.5532125351674307	0.5954950312782291	0.4400909093667038	0.10629256078630243	1.0	0.49999999999999956	0.5530289163414049
107.24853384252737	1.0	0.008416033778036285	1.0	1.0	0.5532533714259326	0.44683313084503273	1.0	0.11001703436850031	1.0	1.0	0.5532134364407457	0.5909836505327843	0.4400909093667039	0.10364874318472327	1.0	0.49999999999999956	0.5530335069569648
108.24853384252737	1.0	0.008057130080618693	1.0	1.0	0.5532533918919653	0.44102304517678853	1.0	0.10708506475848571	1.0	1.0	0.5532143182754714	0.5864317802510599	0.440090909366704	0.10106363631188926	1.0	0.49999999999999956	0.5530380053193494
109.24853384252737	1.0	0.0077139489557003366	1.0	1.0	0.5532534118102285	0.43523429661455054	1.0	0.10422744459067264	1.0	1.0	0.5532151810884777	0.5818412936197891	0.44009090936670403	0.09853626905094565	1.0	0.49999999999999956	0.5530424132497279
110.24853384252737	1.0	0.007385801641120856	1.0	1.0	0.553253431195383	0.42946944143983184	1.0	0.10144247500632446	1.0	1.0	0.5532160252877596	0.5772140861564748	0.4400909093667041	0.09606566948591246	1.0	0.49999999999999956	0.553046732534136
111.24853384252737	1.0	0.0070720295474739755	1.0	1.0	0.5532534500616973	0.4237309565411083	1.0	0.09872848668366864	1.0	1.0	0.5532168512726247	0.5725520726004512	0.44009090936670414	0.09365086601131478	1.0	0.49999999999999956	0.5530509649241333
112.24853384252737	1.0	0.006772002936323085	1.0	1.0	0.5532534684230583	0.4180212371222581	1.0	0.09608383983693874	1.0	1.0	0.553217659433876	0.5678571838242951	0.4400909093667042	0.0912908883731455	1.0	0.49999999999999956	0.5530551121374483
113.24853384252737	1.0	0.006485119656320525	1.0	1.0	0.5532534862929809	0.41234259472793056	1.0	0.09350692417821281	1.0	1.0	0.5532184501539917	0.5631313637748523	0.44009090936670425	0.08898476864406364	1.0	0.49999999999999956	0.5530591758586126
114.24853384252737	1.0	0.006210803934693966	1.0	1.0	0.5532535036846181	0.40669725557924225	1.0	0.09099615884475074	1.0	1.0	0.5532192238073007	0.5583765664526698	0.4400909093667043	0.08673154213565015	1.0	0.49999999999999956	0.5530631577395836
115.24853384252737	1.0	0.005948505221674413	1.0	1.0	0.5532535206107714	0.4010873592118354	1.0	0.088549992294384	1.0	1.0	0.5532199807601544	0.5535947529381293	0.44009090936670436	0.0845302482504609	1.0	0.49999999999999956	0.5530670594003553
116.24853384252737	1.0	0.005697697085546597	1.0	1.0	0.5532535370838992	0.3955149574071229	1.0	0.08616690217136941	1.0	1.0	0.5532207213710958	0.5487878884720568	0.4400909093667044	0.0823799312765349	1.0	0.49999999999999956	0.5530708824295589
117.24853384252737	1.0	0.005457876156104142	1.0	1.0	0.5532535531161269	0.3899820134064789	1.0	0.08384539514498342	1.0	1.0	0.5532214459910236	0.5439579395980371	0.4400909093667045	0.08027964112693382	1.0	0.49999999999999956	0.5530746283850524
118.24853384252737	1.0	0.005228561114389017	1.0	1.0	0.5532535687192549	0.38449040139721774	1.0	0.08158400672300575	1.0	1.0	0.5532221549633544	0.5391068713731104	0.44009090936670453	0.07822843402680764	1.0	0.49999999999999956	0.553078298794499
119.24853384252737	1.0	0.005009291726687693	1.0	1.0	0.5532535839047681	0.3790419062584271	1.0	0.07938130104211952	1.0	1.0	0.5532228486241804	0.5342366446529637	0.4400909093667046	0.07622537315040004	1.0	0.49999999999999956	0.5530818951559361
120.24853384252737	1.0	0.004799627920845241	1.0	1.0	0.5532535986838437	0.37363822355408893	1.0	0.0772358706371391	1.0	1.0	0.5532235273024243	0.529349213457157	0.44009090936670464	0.07426952921032769	1.0	0.49999999999999956	0.553085418938333
121.24853384252737	1.0	0.004599148903043543	1.0	1.0	0.5532536130673601	0.3682809597604156	1.0	0.07514633619086797	1.0	1.0	0.553224191319991	0.5244465224193613	0.44009090936670464	0.07235998100138784	1.0	0.49999999999999956	0.5530888715821389
122.24853384252737	1.0	0.004407452313270985	1.0	1.0	0.5532536270659043	0.3629716327139535	1.0	0.07311134626628393	1.0	1.0	0.5532248409919158	0.5195305043270162	0.44009090936670464	0.07049581590107114	1.0	0.49999999999999956	0.5530922544998216
123.24853384252737	1.0	0.004224153417788682	1.0	1.0	0.5532536406897801	0.357711672266749	1.0	0.07112957702265096	1.0	1.0	0.55322547662651	0.5146030777542603	0.44009090936670464	0.06867613032887959	1.0	0.49999999999999956	0.553095569076395
124.24853384252737	1.0	0.004048884336972503	1.0	1.0	0.5532536539490154	0.35250242113472335	1.0	0.06919973191706252	1.0	1.0	0.5532260985255028	0.5096661447914406	0.44009090936670464	0.06690003016647399	1.0	0.49999999999999956	0.5530988166699385
125.24853384252737	1.0	0.0038812933069811957	1.0	1.0	0.5532536668533696	0.3473451359253602	1.0	0.06732054139283263	1.0	1.0	0.5532267069841809	0.5047215888739756	0.44009090936670464	0.0651666311406015	1.0	0.49999999999999956	0.5531019986121062
126.24853384252737	1.0	0.0037210439737687707	1.0	1.0	0.5532536794123412	0.3422409883308574	1.0	0.0654907625560662	1.0	1.0	0.5532273022915247	0.4997712727128311	0.44009090936670464	0.0634750591706813	1.0	0.49999999999999956	0.5531051162086266
127.24853384252737	1.0	0.0035678147180242432	1.0	1.0	0.5532536916351741	0.33719106647303126	1.0	0.0637091788416604	1.0	1.0	0.5532278847303421	0.4948170363283713	0.44009090936670464	0.06182445068285511	1.0	0.49999999999999956	0.553108170739794
128.24853384252737	1.0	0.0034212980096838845	1.0	1.0	0.5532537035308652	0.3321963763864706	1.0	0.061974599669912415	1.0	1.0	0.5532284545773989	0.48986069518887104	0.44009090936670464	0.060213952892240574	1.0	0.49999999999999956	0.5531111634609505
129.24853384252737	1.0	0.0032811997907204963	1.0	1.0	0.5532537151081703	0.3272578436267185	1.0	0.06028586009483736	1.0	1.0	0.5532290121035469	0.48490403845452323	0.44009090936670464	0.05864272405505737	1.0	0.49999999999999956	0.5531140956029588
130.24853384252737	1.0	0.003147238884970972	1.0	1.0	0.553253726375611	0.3223763149905974	1.0	0.05864182044523153	1.0	1.0	0.5532295575738494	0.47994882732734445	0.44009090936670464	0.0571099336922302	1.0	0.49999999999999956	0.5531169683726672
131.24853384252737	1.0	0.003019146433817666	1.0	1.0	0.5532537373414806	0.3175525603361825	1.0	0.05704136595945166	1.0	1.0	0.5532300912477035	0.4749967935069758	0.44009090936670464	0.055614762786008534	1.0	0.49999999999999956	0.5531197829533656
132.24853384252737	1.0	0.0028966653565909964	1.0	1.0	0.5532537480138507	0.3127872744903624	1.0	0.055483406414819296	1.0	1.0	0.5532306133789607	0.4700496377519979	0.44009090936670464	0.05415640395108054	1.0	0.49999999999999956	0.5531225405052329
133.24853384252737	1.0	0.0027795498346103067	1.0	1.0	0.5532537584005768	0.3080810792323941	1.0	0.05396687575250162	1.0	1.0	0.553231124216044	0.46510902854602243	0.44009090936670464	0.05273406158159791	1.0	0.49999999999999956	0.553125242165777
134.24853384252737	1.0	0.0026675648178274627	1.0	1.0	0.5532537685093041	0.3034345253423587	1.0	0.05249073169866474	1.0	1.0	0.5532316240020635	0.46017660086749734	0.44009090936670464	0.051346951975469346	1.0	0.49999999999999956	0.5531278890502659
135.24853384252737	1.0	0.0025604855530830203	1.0	1.0	0.5532537783474731	0.2988480947039455	1.0	0.05105395538264353	1.0	1.0	0.5532321129749288	0.4552539550618563	0.44009090936670464	0.04999430343722325	1.0	0.49999999999999956	0.5531304822521517
136.24853384252737	1.0	0.002458097133028178	1.0	1.0	0.5532537879223254	0.2943222024515282	1.0	0.04965555095282273	1.0	1.0	0.5532325913674594	0.45034265581437083	0.44009090936670464	0.04867535636068471	1.0	0.49999999999999956	0.5531330228434856
137.24853384252737	1.0	0.0023601940648072047	1.0	1.0	0.5532537972409084	0.2898571991520475	1.0	0.048294545190877294	1.0	1.0	0.5532330594074927	0.44544423122180893	0.44009090936670464	0.04738936329265831	1.0	0.49999999999999956	0.5531355118753271
138.24853384252737	1.0	0.002266579857634689	1.0	1.0	0.5532538063100813	0.2854533730127693	1.0	0.04696998712497597	1.0	1.0	0.55323351731799	0.44056017196077984	0.44009090936670464	0.046135588978756054	1.0	0.49999999999999956	0.5531379503781434
139.24853384252737	1.0	0.002177066628439883	1.0	1.0	0.5532538151365194	0.2811109521065424	1.0	0.04568094764251004	1.0	1.0	0.5532339653171398	0.435691930550441	0.44009090936670464	0.04491331039245965	1.0	0.49999999999999956	0.5531403393622036
140.24853384252737	1.0	0.0020914747247866706	1.0	1.0	0.5532538237267195	0.27683010660673624	1.0	0.044426519102869884	1.0	1.0	0.5532344036184592	0.43084092070706564	0.44009090936670464	0.04372181674845771	1.0	0.49999999999999956	0.5531426798179644
141.24853384252737	1.0	0.002009632364312361	1.0	1.0	0.5532538320870045	0.2726109510245859	1.0	0.04320581495075465	1.0	1.0	0.5532348324308933	0.42600851678781315	0.44009090936670464	0.04256040950125144	1.0	0.49999999999999956	0.5531449727164486
142.24853384252737	1.0	0.0019313752899616675	1.0	1.0	0.5532538402235281	0.2684535464422108	1.0	0.042017969330464866	1.0	1.0	0.5532352519589121	0.4211960533209091	0.44009090936670464	0.04142840232997716	1.0	0.49999999999999956	0.5531472190096173
143.24853384252737	1.0	0.0018565464403239255	1.0	1.0	0.5532538481422791	0.2643579027351013	1.0	0.04086213670159463	1.0	1.0	0.5532356624026057	0.4164048246193295	0.44009090936670464	0.04032512111035027	1.0	0.49999999999999956	0.5531494196307348
144.24853384252737	1.0	0.001784995634411921	1.0	1.0	0.5532538558490862	0.2603239807783788	1.0	0.0397374914565085	1.0	1.0	0.5532360639577775	0.4116360844749887	0.44009090936670464	0.03924990387459301	1.0	0.49999999999999956	0.553151575494727
145.24853384252737	1.0	0.0017165792702496798	1.0	1.0	0.5532538633496219	0.25635169463163465	1.0	0.038643227539958434	1.0	1.0	0.5532364568160353	0.40689104593035497	0.44009090936670464	0.038202100760167966	1.0	0.49999999999999956	0.5531536874985327
146.24853384252737	1.0	0.0016511600366642888	1.0	1.0	0.5532538706494071	0.2524409136976288	1.0	0.03757855807116813	1.0	1.0	0.5532368411648804	0.4021708811243601	0.44009090936670464	0.037181073948099934	1.0	0.49999999999999956	0.5531557565214485
147.24853384252737	1.0	0.0015886066377033149	1.0	1.0	0.553253877753815	0.24859146485059241	1.0	0.03654271496868553	1.0	1.0	0.5532372171877951	0.3974767212094268	0.44009090936670464	0.036186197591631275	1.0	0.49999999999999956	0.5531577834254683
148.24853384252737	1.0	0.0015287935291247304	1.0	1.0	0.5532538846680747	0.24480313453031738	1.0	0.03553494857827949	1.0	1.0	0.5532375850643281	0.3928096563364119	0.44009090936670464	0.035216857735919586	1.0	0.49999999999999956	0.5531597690556145
149.24853384252737	1.0	0.0014716006664304818	1.0	1.0	0.5532538913972754	0.241075670798635	1.0	0.03455452730413289	1.0	1.0	0.5532379449701783	0.38817073570425065	0.44009090936670464	0.03427245222945168	1.0	0.49999999999999956	0.5531617142402652
150.24853384252737	1.0	0.0014169132639380063	1.0	1.0	0.5532538979463704	0.2374087853552858	1.0	0.033600737243562426	1.0	1.0	0.5532382970772767	0.3835609676710873	0.44009090936670464	0.03335239062781445	1.0	0.49999999999999956	0.5531636197914738
151.24853384252737	1.0	0.0013646215644061565	1.0	1.0	0.55325390432018	0.233802155510558	1.0	0.0326728818254744	1.0	1.0	0.5532386415538666	0.37898131992369155	0.44009090936670464	0.032456094090431	1.0	0.49999999999999956	0.5531654865052832
152.24853384252737	1.0	0.0013146206187531696	1.0	1.0	0.5532539105233958	0.23025542611242925	1.0	0.031770281452746144	1.0	1.0	0.5532389785645822	0.3744327197019814	0.44009090936670464	0.031582995270839596	1.0	0.49999999999999956	0.5531673151620343
153.24853384252737	1.0	0.0012668100754245832	1.0	1.0	0.5532539165605836	0.22676821142627887	1.0	0.030892273148704304	1.0	1.0	0.5532393082705251	0.36991605407550904	0.44009090936670464	0.030732538201063243	1.0	0.49999999999999956	0.5531691065266685
154.24853384252737	1.0	0.0012210939789883532	1.0	1.0	0.5532539224361873	0.22334009696555185	1.0	0.030038210207853782	1.0	1.0	0.5532396308293404	0.36543217026880703	0.44009090936670464	0.02990417817058949	1.0	0.49999999999999956	0.5531708613490243
155.24853384252737	1.0	0.0011773805775529614	1.0	1.0	0.5532539281545314	0.21997064127204766	1.0	0.029207461850994754	1.0	1.0	0.5532399463952893	0.360981876032543	0.44009090936670464	0.029097381600452568	1.0	0.49999999999999956	0.553172580364129
156.24853384252737	1.0	0.001135582138622	1.0	1.0	0.5532539337198251	0.21665937764477883	1.0	0.028399412884849932	1.0	1.0	0.5532402551193218	0.35656594005748954	0.44009090936670464	0.028311625912884053	1.0	0.49999999999999956	0.5531742642924846
157.24853384252737	1.0	0.001095614773015653	1.0	1.0	0.5532539391361648	0.2134058158165964	1.0	0.02761346336630975	1.0	1.0	0.5532405571491475	0.3521850924283788	0.44009090936670464	0.02754639939697312	1.0	0.49999999999999956	0.5531759138403483
158.24853384252737	1.0	0.0010573982665056892	1.0	1.0	0.5532539444075372	0.21020944357801222	1.0	0.0268490282713897	1.0	1.0	0.553240852629304	0.3478400251147814	0.44009090936670464	0.026801201070753518	1.0	0.49999999999999956	0.5531775297000074
159.24853384252737	1.0	0.0010208559188260573	1.0	1.0	0.5532539495378221	0.2070697283478623	1.0	0.026105537168981296	1.0	1.0	0.553241141701225	0.3435313924962234	0.44009090936670464	0.026075540540111502	1.0	0.49999999999999956	0.5531791125500504
160.24853384252737	1.0	0.000985914389735978	1.0	1.0	0.553253954530796	0.2039861186906529	1.0	0.025382433899466404	1.0	1.0	0.5532414245033065	0.33925981191883364	0.44009090936670464	0.02536893785488699	1.0	0.49999999999999956	0.5531806630556309
161.24853384252737	1.0	0.000952503551826585	1.0	1.0	0.5532539593901338	0.2009580457806096	1.0	0.02467917625825344	1.0	1.0	0.5532417011709714	0.33502586428089537	0.44009090936670464	0.024680923362519234	1.0	0.49999999999999956	0.5531821818687286
162.24853384252737	1.0	0.0009205563497756976	1.0	1.0	0.5532539641194123	0.1979849248126146	1.0	0.02399523568428362	1.0	1.0	0.5532419718367331	0.33083009464476	0.44009090936670464	0.024011037559568273	1.0	0.49999999999999956	0.553183669628404
163.24853384252737	1.0	0.0008900086657682488	1.0	1.0	0.5532539687221125	0.19506615636036412	1.0	0.023330096953545727	1.0	1.0	0.5532422366302574	0.32667301287266864	0.44009090936670464	0.023358830941424262	1.0	0.49999999999999956	0.5531851269610493
164.24853384252737	1.0	0.0008607991908122715	1.0	1.0	0.5532539732016224	0.19220112768221312	1.0	0.022683257877628787	1.0	1.0	0.5532424956784237	0.3225550942841148	0.44009090936670464	0.022723863850498443	1.0	0.49999999999999956	0.5531865544806333
165.24853384252737	1.0	0.0008328693016921724	1.0	1.0	0.553253977561239	0.18938921397529285	1.0	0.022054229007333587	1.0	1.0	0.5532427491053837	0.31847678033247073	0.44009090936670464	0.02210570632317213	1.0	0.49999999999999956	0.5531879527889432
166.24853384252737	1.0	0.0008061629433123416	1.0	1.0	0.5532539818041712	0.18662977957859447	1.0	0.021442533341356096	1.0	1.0	0.5532429970326207	0.31443847929869195	0.44009090936670464	0.021503937935763308	1.0	0.49999999999999956	0.553189322475821
167.24853384252737	1.0	0.0007806265161949598	1.0	1.0	0.5532539859335421	0.18392217912580702	1.0	0.020847706040048545	1.0	1.0	0.5532432395790056	0.31044056700000255	0.44009090936670464	0.020918147649754658	1.0	0.49999999999999956	0.5531906641193951
168.24853384252737	1.0	0.0007562087689062155	1.0	1.0	0.5532539899523912	0.1812657586487802	1.0	0.020269294144257037	1.0	1.0	0.5532434768608532	0.30648338751155674	0.44009090936670464	0.020347933656511556	1.0	0.49999999999999956	0.5531919782863086
169.24853384252737	1.0	0.0007328606951950286	1.0	1.0	0.5532539938636765	0.17865985663255643	1.0	0.0197068562992283	1.0	1.0	0.5532437089919767	0.3025672538991614	0.44009090936670464	0.0197929032217042	1.0	0.49999999999999956	0.5531932655319423
170.24853384252737	1.0	0.0007105354356378417	1.0	1.0	0.5532539976702769	0.17610380502297862	1.0	0.019159962483572296	1.0	1.0	0.5532439360837413	0.29869244896123337	0.44009090936670464	0.019252672529634283	1.0	0.49999999999999956	0.5531945264006337
171.24853384252737	1.0	0.0006891881835920783	1.0	1.0	0.5532540013749945	0.17359693018793382	1.0	0.018628193743261967	1.0	1.0	0.5532441582451164	0.2948592259782547	0.44009090936670464	0.01872686652765342	1.0	0.49999999999999956	0.5531957614258927
172.24853384252737	1.0	0.0006687760952695194	1.0	1.0	0.5532540049805559	0.17113855383333806	1.0	0.018111141930646384	1.0	1.0	0.5532443755827265	0.2910678094680757	0.44009090936670464	0.018215118770848186	1.0	0.49999999999999956	0.5531969711306116
173.24853384252737	1.0	0.000649258203749115	1.0	1.0	0.5532540084896151	0.1687279938750051	1.0	0.017608409448448915	1.0	1.0	0.5532445882009022	0.2873183959455019	0.44009090936670464	0.017717071267154657	1.0	0.49999999999999956	0.553198156027273
174.24853384252737	1.0	0.0006305953367566544	1.0	1.0	0.5532540119047551	0.1663645652675711	1.0	0.017119608998717808	1.0	1.0	0.5532447962017281	0.2836111546846848	0.44009090936670464	0.01723237432305412	1.0	0.49999999999999956	0.5531993166181518
175.24853384252737	1.0	0.0006127500380462812	1.0	1.0	0.5532540152284894	0.16404758079167123	1.0	0.016644363336692593	1.0	1.0	0.5532449996850917	0.2799462284829196	0.44009090936670464	0.016760686389990835	1.0	0.49999999999999956	0.5532004533955154
176.24853384252737	1.0	0.0005956864922260652	1.0	1.0	0.5532540184632645	0.1617763518005807	1.0	0.016182305029546182	1.0	1.0	0.5532451987487301	0.2763237344245327	0.44009090936670464	0.016301673911642625	1.0	0.49999999999999956	0.5532015668418182
177.24853384252737	1.0	0.000579370452876757	1.0	1.0	0.5532540216114615	0.15955018892754494	1.0	0.015733076219959227	1.0	1.0	0.5532453934882762	0.27274376464362027	0.44009090936670464	0.015855011172165274	1.0	0.49999999999999956	0.5532026574298939
178.24853384252737	1.0	0.0005637691738194592	1.0	1.0	0.5532540246753976	0.15736840275502972	1.0	0.015296328394480252	1.0	1.0	0.5532455839973032	0.26920638708447736	0.44009090936670464	0.015420380145522659	1.0	0.49999999999999956	0.5532037256231432
179.24853384252737	1.0	0.0005488513433942712	1.0	1.0	0.553254027657328	0.15523030444712407	1.0	0.014871722156622474	1.0	1.0	0.5532457703673692	0.2657116462586277	0.44009090936670464	0.014997470346005709	1.0	0.49999999999999956	0.5532047718757183
180.24853384252737	1.0	0.0005345870216180019	1.0	1.0	0.5532540305594476	0.1531352063463269	1.0	0.014458927004645605	1.0	1.0	0.5532459526880603	0.2622595639974395	0.44009090936670464	0.014585978680035094	1.0	0.49999999999999956	0.5532057966327035
181.24853384252737	1.0	0.0005209475800948296	1.0	1.0	0.5532540333838925	0.15108242253594184	1.0	0.014057621113968818	1.0	1.0	0.5532461310470326	0.2588501401993803	0.44009090936670464	0.014185609299334712	1.0	0.49999999999999956	0.5532068003302938
182.24853384252737	1.0	0.0005079056445593085	1.0	1.0	0.5532540361327416	0.14907126936929588	1.0	0.013667491124158994	1.0	1.0	0.5532463055300535	0.25548335357103114	0.44009090936670464	0.013796073455555578	1.0	0.49999999999999956	0.5532077833959675
183.24853384252737	1.0	0.0004954350399364054	1.0	1.0	0.5532540388080183	0.14710106596698527	1.0	0.013288231930436618	1.0	1.0	0.5532464762210425	0.2521591623610452	0.44009090936670464	0.013417089356422763	1.0	0.49999999999999956	0.5532087462486581
184.24853384252737	1.0	0.0004835107378083043	1.0	1.0	0.5532540414116917	0.1451711346833365	1.0	0.012919546479640059	1.0	1.0	0.5532466432021105	0.24887750508629813	0.44009090936670464	0.013048382023471325	1.0	0.49999999999999956	0.5532096892989213
185.24853384252737	1.0	0.0004721088061825435	1.0	1.0	0.5532540439456782	0.1432808015432541	1.0	0.012561145570587637	1.0	1.0	0.5532468065535984	0.24563830124953787	0.44009090936670464	0.012689683151430951	1.0	0.49999999999999956	0.5532106129490996
186.24853384252737	1.0	0.0004612063614606715	1.0	1.0	0.5532540464118431	0.1414293966506066	1.0	0.01221274765877557	1.0	1.0	0.5532469663541153	0.24244145204789733	0.44009090936670464	0.012340730969313065	1.0	0.49999999999999956	0.5532115175934829
187.24853384252737	1.0	0.0004507815225110216	1.0	1.0	0.5532540488120015	0.13961625456928223	1.0	0.01187407866534892	1.0	1.0	0.5532471226805757	0.2392868410716907	0.44009090936670464	0.01200127010324853	1.0	0.49999999999999956	0.5532124036184674
188.24853384252737	1.0	0.0004408133667534315	1.0	1.0	0.55325405114792	0.1378407146780216	1.0	0.0115448717902817	1.0	1.0	0.5532472756082356	0.23617433499296475	0.44009090936670464	0.011671051441118841	1.0	0.49999999999999956	0.5532132714027101
189.24853384252737	1.0	0.00043128188816776817	1.0	1.0	0.5532540534213182	0.13610212150011317	1.0	0.011224867329701566	1.0	1.0	0.553247425210728	0.2331037842433277	0.44009090936670464	0.011349831999018675	1.0	0.49999999999999956	0.5532141213172812
190.24853384252737	1.0	0.00042216795714198306	1.0	1.0	0.5532540556338693	0.1343998250090102	1.0	0.010913812497293904	1.0	1.0	0.553247571560098	0.23007502368062638	0.44009090936670464	0.01103737478958295	1.0	0.49999999999999956	0.5532149537258129
191.24853384252737	1.0	0.00041345328207911217	1.0	1.0	0.5532540577872018	0.13273318091090333	1.0	0.010611461249719591	1.0	1.0	0.5532477147268364	0.22708787324408733	0.44009090936670464	0.010733448692207184	1.0	0.49999999999999956	0.553215768984646
192.24853384252737	1.0	0.00040512037268616646	1.0	1.0	0.5532540598829009	0.13110155090525633	1.0	0.01031757411598038	1.0	1.0	0.5532478547799137	0.22414213859758172	0.44009090936670464	0.010437828325185692	1.0	0.49999999999999956	0.5532165674429735
193.24853384252737	1.0	0.0003971525048712341	1.0	1.0	0.5532540619225089	0.12950430292428497	1.0	0.01003191803066555	1.0	1.0	0.5532479917868119	0.2212376117607147	0.44009090936670464	0.010150293919788327	1.0	0.49999999999999956	0.5532173494429812
194.24853384252737	1.0	0.0003895336871783427	1.0	1.0	0.5532540639075272	0.1279408113523322	1.0	0.009754266171013345	1.0	1.0	0.5532481258135572	0.21837407172747933	0.44009090936670464	0.009870631196292706	1.0	0.49999999999999956	0.5532181153199854
195.24853384252737	1.0	0.00038224862869271737	1.0	1.0	0.5532540658394168	0.1264104572260646	1.0	0.00948439779772057	1.0	1.0	0.5532482569247507	0.21555128507225232	0.44009090936670464	0.009598631241985503	1.0	0.49999999999999956	0.5532188654025691
196.24853384252737	1.0	0.00037528270835201935	1.0	1.0	0.5532540677195998	0.1249126284163873	1.0	0.009222098099433869	1.0	1.0	0.5532483851835992	0.21276900654294353	0.44009090936670464	0.009334090391143062	1.0	0.49999999999999956	0.5532196000127141
197.24853384252737	1.0	0.0003686219456019746	1.0	1.0	0.55325406954946	0.123446719792947	1.0	0.008967158040856156	1.0	1.0	0.5532485106519452	0.21002697964114478	0.44009090936670464	0.009076810106998609	1.0	0.49999999999999956	0.5532203194659312
198.24853384252737	1.0	0.00036225297233749744	1.0	1.0	0.5532540713303443	0.12201213337206411	1.0	0.008719374214401991	1.0	1.0	0.5532486333902962	0.20732493718915465	0.44009090936670464	0.008826596865700476	1.0	0.49999999999999956	0.5532210240713886
199.24853384252737	1.0	0.0003561630060729953	1.0	1.0	0.5532540730635636	0.12060827844890815	1.0	0.008478548695335828	1.0	1.0	0.5532487534578528	0.20466260188378518	0.44009090936670464	0.008583262042263125	1.0	0.49999999999999956	0.5532217141320364
200.24853384252737	1.0	0.00035033982428800804	1.0	1.0	0.5532540747503936	0.11923457171470223	1.0	0.00824448890032747	1.0	1.0	0.5532488709125378	0.20203968683688428	0.44009090936670464	0.008346621798510222	1.0	0.49999999999999956	0.5532223899447298
201.24853384252737	1.0	0.0003447717398966934	1.0	1.0	0.5532540763920758	0.11789043735971588	1.0	0.008017007449359376	1.0	1.0	0.5532489858110227	0.19945589610253356	0.44009090936670464	0.008116496973006787	1.0	0.49999999999999956	0.5532230518003497
202.24853384252737	1.0	0.00033944757779192584	1.0	1.0	0.5532540779898187	0.11657530716277793	1.0	0.007795922030920926	1.0	1.0	0.553249098208755	0.19691092519090547	0.44009090936670464	0.00789271297297522	1.0	0.49999999999999956	0.5532236999839203
203.24853384252737	1.0	0.0003343566524169334	1.0	1.0	0.5532540795447984	0.1152886205680152	1.0	0.007581055270425241	1.0	1.0	0.5532492081599847	0.19440446156878657	0.44009090936670464	0.0076750996681880295	1.0	0.49999999999999956	0.5532243347747257
204.24853384252737	1.0	0.0003294887463194587	1.0	1.0	0.5532540810581593	0.11402982474949622	1.0	0.007372234601784652	1.0	1.0	0.5532493157177896	0.19193618514679486	0.44009090936670464	0.007463491286828272	1.0	0.49999999999999956	0.5532249564464227
205.24853384252737	1.0	0.00032483408964540235	1.0	1.0	0.5532540825310154	0.11279837466443386	1.0	0.007169292142081518	1.0	1.0	0.5532494209341007	0.1895057687533389	0.44009090936670464	0.0072577263133069055	1.0	0.49999999999999956	0.553225565267153
206.24853384252737	1.0	0.0003203833405307929	1.0	1.0	0.5532540839644507	0.1115937330955757	1.0	0.006972064569271694	1.0	1.0	0.5532495238597267	0.18711287859538484	0.44009090936670464	0.0070576473880247514	1.0	0.49999999999999956	0.5532261614996521
207.24853384252737	1.0	0.00031612756635273004	1.0	1.0	0.5532540853595205	0.11041537068338587	1.0	0.006780393002858574	1.0	1.0	0.5532496245443785	0.18475717470611425	0.44009090936670464	0.006863101209065249	1.0	0.49999999999999956	0.5532267454013561
208.24853384252737	1.0	0.00031205822580167194	1.0	1.0	0.5532540867172514	0.10926276594859914	1.0	0.006594122887476356	1.0	1.0	0.5532497230366925	0.18243831137957203	0.44009090936670464	0.00667393843580283	1.0	0.49999999999999956	0.5532273172245075
209.24853384252737	1.0	0.00030816715173908536	1.0	1.0	0.553254088038643	0.1081354053057033	1.0	0.006413103879321851	1.0	1.0	0.5532498193842535	0.18015593759241746	0.44009090936670464	0.00649001359441051	1.0	0.49999999999999956	0.5532278772162574
210.24853384252737	1.0	0.00030444653480605496	1.0	1.0	0.5532540893246677	0.10703278306788422	1.0	0.00623718973537489	1.0	1.0	0.553249913633618	0.1779096974129051	0.44009090936670464	0.006311184985249157	1.0	0.49999999999999956	0.5532284256187675
211.24853384252737	1.0	0.0003008889077499535	1.0	1.0	0.5532540905762722	0.105954401443945	1.0	0.006066238205348178	1.0	1.0	0.5532500058303355	0.17569923039723495	0.44009090936670464	0.006137314592119837	1.0	0.49999999999999956	0.5532289626693082
212.24853384252737	1.0	0.00029748713043771725	1.0	1.0	0.5532540917943777	0.10489977052768941	1.0	0.005900110926308177	1.0	1.0	0.5532500960189708	0.1735241719734216	0.44009090936670464	0.005968267993359699	1.0	0.49999999999999956	0.5532294886003564
213.24853384252737	1.0	0.00029423437552564773	1.0	1.0	0.5532540929798808	0.10386840828023858	1.0	0.005738673319909414	1.0	1.0	0.5532501842431249	0.1713841538128431	0.44009090936670464	0.005803914274761003	1.0	0.49999999999999956	0.5532300036396904
214.24853384252737	1.0	0.00029112411475698	1.0	1.0	0.5532540941336542	0.10285984050572974	1.0	0.0055817944921854445	1.0	1.0	0.5532502705454557	0.16927880418963917	0.44009090936670464	0.005644125944292101	1.0	0.49999999999999956	0.5532305080104837
215.24853384252737	1.0	0.0002881501058597161	1.0	1.0	0.5532540952565471	0.10187360082082601	1.0	0.005429347135840482	1.0	1.0	0.5532503549676986	0.1672077483281363	0.44009090936670464	0.0054887788485985045	1.0	0.49999999999999956	0.5532310019313958
216.24853384252737	1.0	0.00028530638001842806	1.0	1.0	0.5532540963493859	0.10090923061844703	1.0	0.005281207434986584	1.0	1.0	0.5532504375506859	0.16517060873848588	0.44009090936670464	0.005337752091261513	1.0	0.49999999999999956	0.553231485616663
217.24853384252737	1.0	0.00028258722989488633	1.0	1.0	0.5532540974129752	0.09996627902611183	1.0	0.0051372549722721005	1.0	1.0	0.5532505183343667	0.1631670055407067	0.44009090936670464	0.005190927952791355	1.0	0.49999999999999956	0.5532319592761857
218.24853384252737	1.0	0.0002799871981734711	1.0	1.0	0.5532540984480976	0.09904430285926742	1.0	0.004997372638347983	1.0	1.0	0.5532505973578254	0.1611965567773305	0.44009090936670464	0.005048191812331263	1.0	0.49999999999999956	0.5532324231156152
219.24853384252737	1.0	0.0002775010666083775	1.0	1.0	0.5532540994555152	0.0981428665699593	1.0	0.004861446543619361	1.0	1.0	0.553250674659301	0.15925887871485303	0.44009090936670464	0.004909432071048516	1.0	0.49999999999999956	0.5532328773364379
220.24853384252737	1.0	0.00027512384555063185	1.0	1.0	0.5532541004359695	0.0972615421911834	1.0	0.0047293659322307155	1.0	1.0	0.5532507502762046	0.15735358613419878	0.44009090936670464	0.004774540077188077	1.0	0.49999999999999956	0.5532333221360588
221.24853384252737	1.0	0.0002728507639339007	1.0	1.0	0.553254101390182	0.09639990927724282	1.0	0.004601023098233813	1.0	1.0	0.5532508242451378	0.15548029261041055	0.44009090936670464	0.004643410052764143	1.0	0.49999999999999956	0.5532337577078824
222.24853384252737	1.0	0.0002706772596989934	1.0	1.0	0.5532541023188553	0.09555755484041746	1.0	0.004476313303888441	1.0	1.0	0.5532508966019097	0.1536386107817786	0.44009090936670464	0.004515939021864668	1.0	0.49999999999999956	0.5532341842413929
223.24853384252737	1.0	0.00026859897063784055	1.0	1.0	0.5532541032226728	0.09473407328423922	1.0	0.0043551347000468825	1.0	1.0	0.5532509673815543	0.15182815260862662	0.44009090936670464	0.004392026740543701	1.0	0.49999999999999956	0.5532346019222322
224.24853384252737	1.0	0.0002666117256385724	1.0	1.0	0.5532541041022997	0.09392906633365154	1.0	0.00423738824857389	1.0	1.0	0.5532510366183471	0.15004852962197412	0.44009090936670464	0.004271575628276185	1.0	0.49999999999999956	0.5532350109322763
225.24853384252737	1.0	0.000264711536314126	1.0	1.0	0.5532541049583836	0.09314214296231794	1.0	0.004122977646754854	1.0	1.0	0.5532511043458211	0.1482993531622962	0.44009090936670464	0.0041544907009497594	1.0	0.49999999999999956	0.5532354114497116
226.24853384252737	1.0	0.00026289458899758	1.0	1.0	0.5532541057915545	0.09237291931733106	1.0	0.0040118092536456824	1.0	1.0	0.5532511705967837	0.1465802346086027	0.44009090936670464	0.0040406795053680045	1.0	0.49999999999999956	0.5532358036491071
227.24853384252737	1.0	0.00026115723708815074	1.0	1.0	0.5532541066024258	0.09162101864156055	1.0	0.003903792018318774	1.0	1.0	0.5532512354033313	0.14489078559806	0.44009090936670464	0.003930052055239505	1.0	0.49999999999999956	0.5532361877014877
228.24853384252737	1.0	0.00025949599373249017	1.0	1.0	0.5532541073915943	0.09088607119386657	1.0	0.0037988374099603745	1.0	1.0	0.5532512987968652	0.1432306182363785	0.44009090936670464	0.0038225207686270997	1.0	0.49999999999999956	0.5532365637744051
229.24853384252737	1.0	0.00025790752482659476	1.0	1.0	0.5532541081596408	0.09016771416739301	1.0	0.003696859349775399	1.0	1.0	0.5532513608081066	0.14159934529918858	0.44009090936670464	0.0037180004068316946	1.0	0.49999999999999956	0.5532369320320066
230.24853384252737	1.0	0.0002563886423242818	1.0	1.0	0.5532541089071307	0.0894655916061438	1.0	0.0035977741446567056	1.0	1.0	0.553251421467111	0.13999658042462826	0.44009090936670464	0.0036164080146850477	1.0	0.49999999999999956	0.5532372926351039
231.24853384252737	1.0	0.0002549362978388025	1.0	1.0	0.5532541096346142	0.08877935432003474	1.0	0.0035015004225766168	1.0	1.0	0.5532514808032829	0.13842193829736407	0.44009090936670464	0.003517662862226019	1.0	0.49999999999999956	0.5532376457412393
232.24853384252737	1.0	0.0002535475765247508	1.0	1.0	0.5532541103426267	0.08810865979860276	1.0	0.0034079590696593394	1.0	1.0	0.5532515388453894	0.1368750348242659	0.44009090936670464	0.003421686387734862	1.0	0.49999999999999956	0.5532379915047517
233.24853384252737	1.0	0.0002522196912279887	1.0	1.0	0.5532541110316894	0.08745317212354452	1.0	0.0033170731688937556	1.0	1.0	0.5532515956215743	0.13535548730195562	0.44009090936670464	0.00332840214210026	1.0	0.49999999999999956	0.5532383300768404
234.24853384252737	1.0	0.0002509499768918471	1.0	1.0	0.5532541117023094	0.0868125618802468	1.0	0.003228767940446884	1.0	1.0	0.5532516511593716	0.13386291457644686	0.44009090936670464	0.003237735734493942	1.0	0.49999999999999956	0.5532386616056281
235.24853384252737	1.0	0.0002497358852083751	1.0	1.0	0.5532541123549805	0.0861865060684621	1.0	0.0031429706835391187	1.0	1.0	0.5532517054857182	0.13239693719509238	0.44009090936670464	0.0031496147793278885	1.0	0.49999999999999956	0.5532389862362226
236.24853384252737	1.0	0.0002485749795039037	1.0	1.0	0.5532541129901829	0.08557468801227397	1.0	0.0030596107198431577	1.0	1.0	0.5532517586269674	0.13095717755105257	0.44009090936670464	0.00306396884446931	1.0	0.49999999999999956	0.5532393041107774
237.24853384252737	1.0	0.00024746492984865855	1.0	1.0	0.5532541136083842	0.08497679726948816	1.0	0.002978619338369335	1.0	1.0	0.5532518106089009	0.12954326002049685	0.44009090936670464	0.002980729400688777	1.0	0.49999999999999956	0.5532396153685508
238.24853384252737	1.0	0.00024640350838060657	1.0	1.0	0.5532541142100394	0.08439252954057799	1.0	0.0028999297418008433	1.0	1.0	0.5532518614567418	0.12815481109274718	0.44009090936670464	0.002899829772317103	1.0	0.49999999999999956	0.5532399201459642
239.24853384252737	1.0	0.0002453885848341524	1.0	1.0	0.5532541147955915	0.0838215865773046	1.0	0.002823476994243118	1.0	1.0	0.5532519111951657	0.12679145949357015	0.44009090936670464	0.002821205089086803	1.0	0.49999999999999956	0.5532402185766588
240.24853384252737	1.0	0.0002444181222647099	1.0	1.0	0.5532541153654714	0.08326367609112498	1.0	0.00274919797035242	1.0	1.0	0.5532519598483138	0.12545283630182136	0.44009090936670464	0.0027447922391341958	1.0	0.49999999999999956	0.5532405107915517
241.24853384252737	1.0	0.00024349017296056852	1.0	1.0	0.5532541159200985	0.0827185116614949	1.0	0.002677031305809399	1.0	1.0	0.5532520074398032	0.12413857505964301	0.44009090936670464	0.0026705298231384767	1.0	0.49999999999999956	0.5532407969188902
242.24853384252737	1.0	0.000242602874533849	1.0	1.0	0.5532541164598812	0.08218581264416565	1.0	0.0026069173491041716	1.0	1.0	0.5532520539927389	0.12284831187641271	0.44009090936670464	0.0025983581095743416	1.0	0.49999999999999956	0.5532410770843061
243.24853384252737	1.0	0.00024175444618270388	1.0	1.0	0.5532541169852166	0.0816653040795687	1.0	0.002538798114600182	1.0	1.0	0.553252099529725	0.12158168552663778	0.44009090936670464	0.0025282189910550306	1.0	0.49999999999999956	0.5532413514108679
244.24853384252737	1.0	0.00024094318511726036	1.0	1.0	0.5532541174964917	0.08115671660137529	1.0	0.0024726172368448253	1.0	1.0	0.5532521440728748	0.12033833754198697	0.44009090936670464	0.002460055941742939	1.0	0.49999999999999956	0.5532416200191325
245.24853384252737	1.0	0.00024016746314213278	1.0	1.0	0.5532541179940824	0.08065978634531257	1.0	0.002408319926095539	1.0	1.0	0.5532521876438223	0.11911791229764736	0.44009090936670464	0.0023938139758052294	1.0	0.49999999999999956	0.5532418830271955
246.24853384252737	1.0	0.00023942572338864557	1.0	1.0	0.5532541184783553	0.08017425485831291	1.0	0.002345852925030754	1.0	1.0	0.5532522302637317	0.11792005709319149	0.44009090936670464	0.002329439606892194	1.0	0.49999999999999956	0.5532421405507411
247.24853384252737	1.0	0.00023871647719020855	1.0	1.0	0.5532541189496667	0.07969986900806679	1.0	0.002285164466615793	1.0	1.0	0.5532522719533082	0.11674442222813598	0.44009090936670464	0.0022668808086164	1.0	0.49999999999999956	0.5532423927030904
248.24853384252737	1.0	0.00023803830109457341	1.0	1.0	0.5532541194083636	0.07923638089304588	1.0	0.0022262042330944776	1.0	1.0	0.5532523127328076	0.11559066107236933	0.44009090936670464	0.0022060869760109833	1.0	0.49999999999999956	0.5532426395952491
249.24853384252737	1.0	0.00023738983400697466	1.0	1.0	0.5532541198547835	0.07878354775305703	1.0	0.0021689233160778767	1.0	1.0	0.5532523526220461	0.11445843013162342	0.44009090936670464	0.0021470088879457553	1.0	0.49999999999999956	0.5532428813359542
250.24853384252737	1.0	0.0002367697744584219	1.0	1.0	0.553254120289255	0.07834113188038457	1.0	0.0021132741777022705	1.0	1.0	0.5532523916404097	0.11334738910815935	0.44009090936670464	0.0020895986704801183	1.0	0.49999999999999956	0.5532431180317198
251.24853384252737	1.0	0.00023617687799366047	1.0	1.0	0.553254120712098	0.07790890053157322	1.0	0.0020592106128290645	1.0	1.0	0.5532524298068638	0.11225720095683471	0.44009090936670464	0.002033809761132097	1.0	0.49999999999999956	0.5532433497868814
252.24853384252737	1.0	0.00023560995467355824	1.0	1.0	0.5532541211236237	0.07748662583990028	1.0	0.002006687712260002	1.0	1.0	0.5532524671399619	0.11118753193671589	0.44009090936670464	0.0019795968740431327	1.0	0.49999999999999956	0.5532435767036408
253.24853384252737	1.0	0.00023506786668690602	1.0	1.0	0.553254121524135	0.07707408472858174	1.0	0.001955661826941654	1.0	1.0	0.5532525036578547	0.11013805165839537	0.44009090936670464	0.001926915966018597	1.0	0.49999999999999956	0.5532437988821082
254.24853384252737	1.0	0.00023454952606683828	1.0	1.0	0.5532541219139266	0.07667105882475364	1.0	0.0019060905331337759	1.0	1.0	0.5532525393782989	0.10910843312717017	0.44009090936670464	0.0018757242034243336	1.0	0.49999999999999956	0.553244016420345
255.24853384252737	1.0	0.0002340538925072911	1.0	1.0	0.5532541222932856	0.07627733437426597	1.0	0.0018579325985167013	1.0	1.0	0.5532525743186655	0.10809835278223433	0.44009090936670464	0.0018259799299198435	1.0	0.49999999999999956	0.5532442294144053
256.24853384252737	1.0	0.00023357997127511503	1.0	1.0	0.5532541226624911	0.07589270215732381	1.0	0.0018111479492135545	1.0	1.0	0.5532526084959484	0.10710749053203424	0.44009090936670464	0.0017776426350090756	1.0	0.49999999999999956	0.5532444379583757
257.24853384252737	1.0	0.00023312681121365254	1.0	1.0	0.5532541230218149	0.07551695740500697	1.0	0.0017656976377036107	1.0	1.0	0.5532526419267723	0.1061355297859325	0.44009090936670464	0.0017306729233901113	1.0	0.49999999999999956	0.5532446421444159
258.24853384252737	1.0	0.00023269350283377306	1.0	1.0	0.5532541233715214	0.07514989971669626	1.0	0.00172154381160372	1.0	1.0	0.5532526746274009	0.10518215748232215	0.44009090936670464	0.0016850324850853605	1.0	0.49999999999999956	0.5532448420627971
259.24853384252737	1.0	0.00023227917648853462	1.0	1.0	0.5532541237118681	0.07479133297843231	1.0	0.0016786496832952458	1.0	1.0	0.5532527066137446	0.10424706411332944	0.44009090936670464	0.0016406840663342197	1.0	0.49999999999999956	0.5532450378019403
260.24853384252737	1.0	0.00023188300062780838	1.0	1.0	0.5532541240431055	0.07444106528222967	1.0	0.001636979500374521	1.0	1.0	0.5532527379013681	0.10332994374624022	0.44009090936670464	0.001597591441230469	1.0	0.49999999999999956	0.5532452294484542
261.24853384252737	1.0	0.00023150418012936327	1.0	1.0	0.5532541243654774	0.0740989088463668	1.0	0.0015964985169053506	1.0	1.0	0.553252768505498	0.102430494041781	0.44009090936670464	0.0015557193840870151	1.0	0.49999999999999956	0.553245417087171
262.24853384252737	1.0	0.00023114195470306107	1.0	1.0	0.5532541246792211	0.07376467993667019	1.0	0.0015571729654526118	1.0	1.0	0.5532527984410301	0.10154841626938271	0.44009090936670464	0.0015150336425109126	1.0	0.49999999999999956	0.5532456008011831
263.24853384252737	1.0	0.00023079559736495937	1.0	1.0	0.5532541249845674	0.07343819878880826	1.0	0.0015189700298765076	1.0	1.0	0.5532528277225366	0.10068341531955136	0.44009090936670464	0.0014755009111719194	1.0	0.49999999999999956	0.5532457806718781
264.24853384252737	1.0	0.00023046441297825974	1.0	1.0	0.5532541252817412	0.07311928953160945	1.0	0.0014818578188675346	1.0	1.0	0.5532528563642727	0.0998351997134668	0.44009090936670464	0.0014370888062481667	1.0	0.49999999999999956	0.5532459567789731
265.24853384252737	1.0	0.00023014773685817305	1.0	1.0	0.5532541255709612	0.07280778011141581	1.0	0.0014458053402027094	1.0	1.0	0.5532528843801842	0.09900348160992727	0.44009090936670464	0.0013997658405328383	1.0	0.49999999999999956	0.553246129200549
266.24853384252737	1.0	0.00022984493343790154	1.0	1.0	0.5532541258524403	0.07250350221748261	1.0	0.0014107824757040772	1.0	1.0	0.5532529117839136	0.09818797680975384	0.44009090936670464	0.0013635013991860783	1.0	0.49999999999999956	0.5532462980130833
267.24853384252737	1.0	0.00022955539499306074	1.0	1.0	0.5532541261263856	0.0722062912084321	1.0	0.001376759956880994	1.0	1.0	0.5532529385888068	0.09738840475776621	0.44009090936670464	0.0013282657161166548	1.0	0.49999999999999956	0.5532464632914826
268.24853384252737	1.0	0.00022927854042198073	1.0	1.0	0.5532541263929989	0.0719159860397682	1.0	0.0013437093412381317	1.0	1.0	0.5532529648079196	0.09660448854243746	0.44009090936670464	0.0012940298509782199	1.0	0.49999999999999956	0.5532466251091148
269.24853384252737	1.0	0.0002290138140794391	1.0	1.0	0.5532541266524763	0.07163242919245724	1.0	0.0013116029892316047	1.0	1.0	0.5532529904540243	0.09583595489333278	0.44009090936670464	0.0012607656667653153	1.0	0.49999999999999956	0.55324678353784
270.24853384252737	1.0	0.0002287606846614848	1.0	1.0	0.5532541269050089	0.07135546660257833	1.0	0.0012804140418560491	1.0	1.0	0.5532530155396151	0.09508253417643361	0.44009090936670464	0.0012284458079945767	1.0	0.49999999999999956	0.5532469386480412
271.24853384252737	1.0	0.0002285186441391148	1.0	1.0	0.5532541271507824	0.07108494759204612	1.0	0.0012501163988459232	1.0	1.0	0.5532530400769148	0.09434396038744587	0.44009090936670464	0.0011970436794568906	1.0	0.49999999999999956	0.5532470905086543
272.24853384252737	1.0	0.00022828720673866328	1.0	1.0	0.5532541273899778	0.07082072480040662	1.0	0.0012206846974747079	1.0	1.0	0.5532530640778801	0.09361997114318787	0.44009090936670464	0.0011665334255265545	1.0	0.49999999999999956	0.5532472391871975
273.24853384252737	1.0	0.0002280659079668573	1.0	1.0	0.5532541276227713	0.07056265411770625	1.0	0.0011920942919361026	1.0	1.0	0.553253087554208	0.0929103076711506	0.44009090936670464	0.0011368899100137892	1.0	0.49999999999999956	0.5532473847498002
274.24853384252737	1.0	0.000227854303678582	1.0	1.0	0.553254127849334	0.07031059461843288	1.0	0.0011643212332917076	1.0	1.0	0.5532531105173409	0.09221471479732005	0.44009090936670464	0.0011080886965472352	1.0	0.49999999999999956	0.5532475272612307
275.24853384252737	1.0	0.00022765196918548433	1.0	1.0	0.5532541280698329	0.07006440849652655	1.0	0.001137342249970079	1.0	1.0	0.5532531329784727	0.09153294093234855	0.44009090936670464	0.0010801060294733553	1.0	0.49999999999999956	0.5532476667849248
276.24853384252737	1.0	0.00022745849840362652	1.0	1.0	0.5532541282844301	0.06982396100145687	1.0	0.001111134728802422	1.0	1.0	0.5532531549485532	0.09086473805615944	0.44009090936670464	0.0010529188152599502	1.0	0.49999999999999956	0.553247803383012
277.24853384252737	1.0	0.00022727350303847834	1.0	1.0	0.5532541284932837	0.06958912037536272	1.0	0.0010856766965805658	1.0	1.0	0.5532531764382946	0.09020986170106612	0.44009090936670464	0.0010265046043912624	1.0	0.49999999999999956	0.5532479371163427
278.24853384252737	1.0	0.0002270966118056127	1.0	1.0	0.5532541286965473	0.0693597577912497	1.0	0.0010609468021232262	1.0	1.0	0.5532531974581758	0.0895680709334848	0.44009090936670464	0.0010008415737424317	1.0	0.49999999999999956	0.5532480680445137
279.24853384252737	1.0	0.0002269274696855403	1.0	1.0	0.5532541288943706	0.0691357472922393	1.0	0.0010369242988369192	1.0	1.0	0.5532532180184476	0.08893912833431658	0.44009090936670464	0.0009759085094213214	1.0	0.49999999999999956	0.553248196225894
280.24853384252737	1.0	0.00022676573721118807	1.0	1.0	0.5532541290868993	0.06891696573186346	1.0	0.0010135890277582387	1.0	1.0	0.553253238129138	0.0883227999780729	0.44009090936670464	0.0009516847900660074	1.0	0.49999999999999956	0.5532483217176503
281.24853384252737	1.0	0.0002266110897865909	1.0	1.0	0.553254129274275	0.06870329271539757	1.0	0.0009909214010645512	1.0	1.0	0.5532532578000565	0.0877188554108153	0.44009090936670464	0.000928150370586485	1.0	0.49999999999999956	0.55324844457577
282.24853384252737	1.0	0.00022646321703542996	1.0	1.0	0.5532541294566355	0.06849461054222424	1.0	0.0009689023860404946	1.0	1.0	0.5532532770407994	0.0871270676269783	0.44009090936670464	0.0009052857663393995	1.0	0.49999999999999956	0.5532485648550872
283.24853384252737	1.0	0.00022632182217810937	1.0	1.0	0.5532541296341152	0.06829080414921908	1.0	0.0009475134894879895	1.0	1.0	0.5532532958607541	0.08654721304514168	0.44009090936670464	0.0008830720377248633	1.0	0.49999999999999956	0.5532486826093045
284.24853384252737	1.0	0.00022618662143612177	1.0	1.0	0.5532541298068447	0.06809176105515048	1.0	0.0009267367425677939	1.0	1.0	0.5532533142691036	0.08597907148281612	0.44009090936670464	0.0008614907751946711	1.0	0.49999999999999956	0.5532487978910169
285.24853384252737	1.0	0.0002260573434625067	1.0	1.0	0.5532541299749512	0.06789737130608355	1.0	0.0009065546860609357	1.0	1.0	0.5532533322748311	0.08542242613030422	0.44009090936670464	0.0008405240846614664	1.0	0.49999999999999956	0.5532489107517343
286.24853384252737	1.0	0.00022593372879725913	1.0	1.0	0.5532541301385583	0.06770752742177862	1.0	0.0008869503560386658	1.0	1.0	0.5532533498867241	0.08487706352369608	0.44009090936670464	0.0008201545732986554	1.0	0.49999999999999956	0.5532490212419037
287.24853384252737	1.0	0.00022581552934659507	1.0	1.0	0.5532541302977865	0.06752212434307452	1.0	0.0008679072699298647	1.0	1.0	0.5532533671133791	0.0843427735170572	0.44009090936670464	0.0008003653357210972	1.0	0.49999999999999956	0.5532491294109304
288.24853384252737	1.0	0.00022570250788502894	1.0	1.0	0.553254130452753	0.06734105938024579	1.0	0.0008494094129751259	1.0	1.0	0.5532533839632052	0.08381934925386378	0.44009090936670464	0.000781139940536833	1.0	0.49999999999999956	0.5532492353071999
289.24853384252737	1.0	0.00022559443757926375	1.0	1.0	0.5532541306035718	0.06716423216232327	1.0	0.0008314412250570205	1.0	1.0	0.5532534004444285	0.08330658713773881	0.44009090936670464	0.0007624624172603425	1.0	0.49999999999999956	0.5532493389780984
290.24853384252737	1.0	0.00022549110153293814	1.0	1.0	0.5532541307503539	0.06699154458736685	1.0	0.0008139875878963213	1.0	1.0	0.553253416565096	0.08280428680254016	0.44009090936670464	0.0007443172435780397	1.0	0.49999999999999956	0.553249440470033
291.24853384252737	1.0	0.000225392292351317	1.0	1.0	0.5532541308932075	0.06682290077367932	1.0	0.0007970338126042303	1.0	1.0	0.5532534323330793	0.08231225108185009	0.44009090936670464	0.0007266893329569383	1.0	0.49999999999999956	0.5532495398284523
292.24853384252737	1.0	0.00022529781172505152	1.0	1.0	0.5532541310322376	0.0666582070119494	1.0	0.0007805656275809179	1.0	1.0	0.5532534477560789	0.08183028597791356	0.44009090936670464	0.0007095640225876315	1.0	0.49999999999999956	0.5532496370978652
293.24853384252737	1.0	0.0002252074700321738	1.0	1.0	0.5532541311675466	0.06649737171831238	1.0	0.0007645691667509352	1.0	1.0	0.5532534628416274	0.08135820063007114	0.44009090936670464	0.0006929270616529416	1.0	0.49999999999999956	0.553249732321861
294.24853384252737	1.0	0.00022512108595752682	1.0	1.0	0.5532541312992342	0.06634030538831644	1.0	0.0007490309581263073	1.0	1.0	0.5532534775970932	0.08089580728273014	0.44009090936670464	0.0006767645999138007	1.0	0.49999999999999956	0.5532498255431273
295.24853384252737	1.0	0.00022503848612886613	1.0	1.0	0.5532541314273971	0.06618692055178244	1.0	0.0007339379126883606	1.0	1.0	0.5532534920296844	0.08044292125291636	0.44009090936670464	0.000661063176604126	1.0	0.49999999999999956	0.5532499168034689
296.24853384252737	1.0	0.000224959504768903	1.0	1.0	0.5532541315521298	0.06603713172854493	1.0	0.0007192773135795732	1.0	1.0	0.5532535061464522	0.07999936089744658	0.44009090936670464	0.0006458097096266524	1.0	0.49999999999999956	0.5532500061438261
297.24853384252737	1.0	0.0002248839833625905	1.0	1.0	0.553254131673524	0.06589085538506234	1.0	0.0007050368055969642	1.0	1.0	0.5532535199542938	0.07956494757976106	0.44009090936670464	0.0006309914850418761	1.0	0.49999999999999956	0.5532500936042919
298.24853384252737	1.0	0.00022481177033898493	1.0	1.0	0.5532541317916692	0.06574800989188329	1.0	0.0006912043849787676	1.0	1.0	0.5532535334599565	0.07913950563645272	0.44009090936670464	0.0006165961468424576	1.0	0.49999999999999956	0.5532501792241294
299.24853384252737	1.0	0.00022474272076704397	1.0	1.0	0.5532541319066522	0.06560851548195712	1.0	0.0006777683894763517	1.0	1.0	0.5532535466700405	0.07872286234352927	0.44009090936670464	0.0006026116870056132	1.0	0.49999999999999956	0.5532502630417893
300.24853384252737	1.0	0.00022467669606475102	1.0	1.0	0.5532541320185577	0.06547229420977582	1.0	0.0006647174887035598	1.0	1.0	0.5532535595910019	0.07831484788244195	0.44009090936670464	0.0005890264358162119	1.0	0.49999999999999956	0.5532503450949258
301.24853384252737	1.0	0.00022461356372098214	1.0	1.0	0.553254132127468	0.06533926991133476	1.0	0.0006520406747558565	1.0	1.0	0.5532535722291566	0.0779152953059141	0.44009090936670464	0.00057582905245347	1.0	0.49999999999999956	0.5532504254204135
302.24853384252737	1.0	0.00022455319702955703	1.0	1.0	0.5532541322334634	0.06520936816489957	1.0	0.0006397272530918661	1.0	1.0	0.5532535845906825	0.07752404050360055	0.44009090936670464	0.0005630085158343086	1.0	0.49999999999999956	0.5532505040543632
303.24853384252737	1.0	0.0002244954748349407	1.0	1.0	0.5532541323366219	0.06508251625256654	1.0	0.0006277668336700881	1.0	1.0	0.5532535966816231	0.07714092216760808	0.44009090936670464	0.000550554115706616	1.0	0.49999999999999956	0.5532505810321372
304.24853384252737	1.0	0.000224440281289085	1.0	1.0	0.5532541324370194	0.06495864312260423	1.0	0.000616149322333767	1.0	1.0	0.5532536085078901	0.0767657817579054	0.44009090936670464	0.0005384554439858179	1.0	0.49999999999999956	0.5532506563883655
305.24853384252737	1.0	0.00022438750561892256	1.0	1.0	0.5532541325347297	0.06483767935256306	1.0	0.0006048649124370816	1.0	1.0	0.5532536200752661	0.07639846346765018	0.44009090936670464	0.0005267023863283259	1.0	0.49999999999999956	0.5532507301569597
306.24853384252737	1.0	0.0002243370419040459	1.0	1.0	0.5532541326298248	0.064719557113141	1.0	0.0005939040767060038	1.0	1.0	0.5532536313894081	0.07603881418845933	0.44009090936670464	0.000515285113935594	1.0	0.49999999999999956	0.5532508023711287
307.24853384252737	1.0	0.00022428878886412586	1.0	1.0	0.5532541327223747	0.06460421013279233	1.0	0.0005832575593273509	1.0	1.0	0.5532536424558494	0.07568668347564722	0.44009090936670464	0.000504194075582669	1.0	0.49999999999999956	0.5532508730633924
308.24853384252737	1.0	0.0002242426496556428	1.0	1.0	0.5532541328124475	0.06449157366306729	1.0	0.0005729163682597364	1.0	1.0	0.553253653280003	0.07534192351345598	0.44009090936670464	0.0004934199898652732	1.0	0.49999999999999956	0.5532509422655965
309.24853384252737	1.0	0.00022419853167752224	1.0	1.0	0.5532541329001096	0.06438158444467008	1.0	0.0005628717677602853	1.0	1.0	0.5532536638671636	0.07500438908030033	0.44009090936670464	0.0004829538376596087	1.0	0.49999999999999956	0.5532510100089258
310.24853384252737	1.0	0.00022415634638528513	1.0	1.0	0.5532541329854254	0.06427418067422286	1.0	0.0005531152711211526	1.0	1.0	0.5532536742225105	0.07467393751404858	0.44009090936670464	0.00047278685478921933	1.0	0.49999999999999956	0.5532510763239181
311.24853384252737	1.0	0.00022411600911333976	1.0	1.0	0.5532541330684577	0.06416930197172363	1.0	0.0005436386336100401	1.0	1.0	0.5532536843511102	0.0743504286773604	0.44009090936670464	0.00046291052489338676	1.0	0.49999999999999956	0.5532511412404773
312.24853384252737	1.0	0.00022407743890505836	1.0	1.0	0.5532541331492677	0.06406688934868572	1.0	0.0005344338456090636	1.0	1.0	0.5532536942579187	0.07403372492310077	0.44009090936670464	0.00045331657249168	1.0	0.49999999999999956	0.5532512047878864
313.24853384252737	1.0	0.0002240405583502979	1.0	1.0	0.5532541332279148	0.06396688517694682	1.0	0.0005254931259464775	1.0	1.0	0.5532537039477838	0.0737236910598488	0.44009090936670464	0.00044399695623941203	1.0	0.49999999999999956	0.5532512669948204
314.24853384252737	1.0	0.00022400529343003832	1.0	1.0	0.5532541333044569	0.06386923315813553	1.0	0.0005168089154159096	1.0	1.0	0.5532537134254478	0.07342019431751891	0.44009090936670464	0.0004349438623688924	1.0	0.49999999999999956	0.5532513278893589
315.24853384252737	1.0	0.00022397157336782685	1.0	1.0	0.5532541333789505	0.06377387829378377	1.0	0.000508373870477907	1.0	1.0	0.5532537226955493	0.07312310431311111	0.44009090936670464	0.00042614969831149344	1.0	0.49999999999999956	0.553251387498998
316.24853384252737	1.0	0.0002239393304877303	1.0	1.0	0.5532541334514501	0.06368076685607309	1.0	0.0005001808571387306	1.0	1.0	0.5532537317626258	0.07283229301660621	0.44009090936670464	0.00041760708649567614	1.0	0.49999999999999956	0.5532514458506625
317.24853384252737	1.0	0.00022390850007850978	1.0	1.0	0.5532541335220094	0.06358984635920327	1.0	0.0004922229450014777	1.0	1.0	0.553253740631116	0.0725476347170208	0.44009090936670464	0.00040930885831624603	1.0	0.49999999999999956	0.5532515029707178
318.24853384252737	1.0	0.00022387902026374578	1.0	1.0	0.5532541335906801	0.06350106553137189	1.0	0.00048449340148474363	1.0	1.0	0.5532537493053615	0.07226900598863635	0.44009090936670464	0.0004012480482702305	1.0	0.49999999999999956	0.553251558884981
319.24853384252737	1.0	0.00022385083187765253	1.0	1.0	0.5532541336575129	0.06341437428735318	1.0	0.00047698568620416215	1.0	1.0	0.5532537577896094	0.07199628565741548	0.44009090936670464	0.00039341788825488774	1.0	0.49999999999999956	0.5532516136187327
320.24853384252737	1.0	0.0002238238783463328	1.0	1.0	0.5532541337225568	0.06332972370166519	1.0	0.0004696934455122954	1.0	1.0	0.553253766088014	0.07172935476761826	0.44009090936670464	0.0003858118020234736	1.0	0.49999999999999956	0.5532516671967275
321.24853384252737	1.0	0.00022379810557423435	1.0	1.0	0.55325413378586	0.06324706598231394	1.0	0.0004626105071924634	1.0	1.0	0.5532537742046392	0.07146809654863023	0.44009090936670464	0.00037842339979450535	1.0	0.49999999999999956	0.5532517196432052
322.24853384252737	1.0	0.00022377346183558066	1.0	1.0	0.5532541338474688	0.06316635444510371	1.0	0.00045573087530222605	1.0	1.0	0.5532537821434599	0.07121239638201331	0.44009090936670464	0.00037124647301037223	1.0	0.49999999999999956	0.5532517709819015
323.24853384252737	1.0	0.0002237498976705575	1.0	1.0	0.5532541339074287	0.06308754348850248	1.0	0.00044904872516234636	1.0	1.0	0.5532537899083645	0.07096214176878998	0.44009090936670464	0.0003642749892412493	1.0	0.49999999999999956	0.553251821236058
324.24853384252737	1.0	0.00022372736578604754	1.0	1.0	0.5532541339657838	0.06301058856905202	1.0	0.0004425583984871786	1.0	1.0	0.5532537975031564	0.07071722229697075	0.44009090936670464	0.00035750308723037777	1.0	0.49999999999999956	0.5532518704284327
325.24853384252737	1.0	0.00022370582096071335	1.0	1.0	0.5532541340225771	0.06293544617731173	1.0	0.000436254398652535	1.0	1.0	0.5532538049315562	0.07047752960933379	0.44009090936670464	0.0003509250720768765	1.0	0.49999999999999956	0.5532519185813097
326.24853384252737	1.0	0.00022368521995423847	1.0	1.0	0.5532541340778502	0.06286207381432624	1.0	0.0004301313860971938	1.0	1.0	0.553253812197203	0.07024295737146545	0.44009090936670464	0.00034453541055234996	1.0	0.49999999999999956	0.5532519657165094
327.24853384252737	1.0	0.00022366552142054442	1.0	1.0	0.5532541341316439	0.06279042996860615	1.0	0.000424184173854316	1.0	1.0	0.5532538193036568	0.07001340124006968	0.44009090936670464	0.00033832872654765515	1.0	0.49999999999999956	0.5532520118553973
328.24853384252737	1.0	0.00022364668582480938	1.0	1.0	0.5532541341839979	0.06272047409361187	1.0	0.0004184077232091398	1.0	1.0	0.5532538262543997	0.06978875883155351	0.44009090936670464	0.0003322997966462861	1.0	0.49999999999999956	0.5532520570188943
329.24853384252737	1.0	0.00022362867536412212	1.0	1.0	0.5532541342349507	0.06265216658573061	1.0	0.0004127971394794237	1.0	1.0	0.5532538330528377	0.06956892969089587	0.44009090936670464	0.0003264435458209266	1.0	0.49999999999999956	0.5532521012274855
330.24853384252737	1.0	0.00022361145389161174	1.0	1.0	0.5532541342845397	0.06258546876273678	1.0	0.00040734766791520325	1.0	1.0	0.5532538397023027	0.06935381526080561	0.44009090936670464	0.00032075504324981344	1.0	0.49999999999999956	0.5532521445012286
331.24853384252737	1.0	0.0002235949868439012	1.0	1.0	0.5532541343328015	0.06252034284272587	1.0	0.00040205468971452366	1.0	1.0	0.5532538462060537	0.06914331885117499	0.44009090936670464	0.00031522949824964015	1.0	0.49999999999999956	0.5532521868597637
332.24853384252737	1.0	0.00022357924117173887	1.0	1.0	0.5532541343797716	0.062456751923512514	1.0	0.0003969137181518999	1.0	1.0	0.5532538525672785	0.06893734560883372	0.44009090936670464	0.00030986225632181755	1.0	0.49999999999999956	0.5532522283223213
333.24853384252737	1.0	0.00022356418527366887	1.0	1.0	0.5532541344254844	0.062394659962483244	1.0	0.00039192039481634767	1.0	1.0	0.5532538587890956	0.06873580248760867	0.44009090936670464	0.0003046487953089924	1.0	0.49999999999999956	0.5532522689077312
334.24853384252737	1.0	0.0002235497889326072	1.0	1.0	0.5532541344699738	0.06233403175689454	1.0	0.00038707048595591347	1.0	1.0	0.553253864874555	0.06853859821869358	0.44009090936670464	0.0002995847216588063	1.0	0.49999999999999956	0.55325230863443
335.24853384252737	1.0	0.00022353602325519623	1.0	1.0	0.5532541345132725	0.06227483292460754	1.0	0.00038235987892571886	1.0	1.0	0.5532538708266403	0.0683456432813328	0.44009090936670464	0.0002946657667919577	1.0	0.49999999999999956	0.5532523475204703
336.24853384252737	1.0	0.00022352286061381595	1.0	1.0	0.5532541345554123	0.06221702988524998	1.0	0.0003777845787366143	1.0	1.0	0.5532538766482701	0.06815684987382292	0.44009090936670464	0.0002898877835717075	1.0	0.49999999999999956	0.5532523855835276
337.24853384252737	1.0	0.00022351027459113556	1.0	1.0	0.5532541345964241	0.06216058984179673	1.0	0.0003733407047016198	1.0	1.0	0.553253882342299	0.0679721318848353	0.44009090936670464	0.0002852467428720456	1.0	0.49999999999999956	0.5532524228409089
338.24853384252737	1.0	0.00022349823992709396	1.0	1.0	0.5532541346363383	0.06210548076256045	1.0	0.0003690244871774072	1.0	1.0	0.5532538879115193	0.06779140486506244	0.44009090936670464	0.0002807387302418083	1.0	0.49999999999999956	0.5532524593095599
339.24853384252737	1.0	0.0002234867324682031	1.0	1.0	0.5532541346751843	0.062051671363583694	1.0	0.00036483226439815413	1.0	1.0	0.5532538933586625	0.06761458599919093	0.44009090936670464	0.00027635994266211016	1.0	0.49999999999999956	0.5532524950060725
340.24853384252737	1.0	0.00022347572911907203	1.0	1.0	0.5532541347129905	0.06199913109142408	1.0	0.00036076047939917466	1.0	1.0	0.5532538986864002	0.06744159407820283	0.44009090936670464	0.00027210668539452346	1.0	0.49999999999999956	0.5532525299466924
341.24853384252737	1.0	0.00022346520779605464	1.0	1.0	0.5532541347497848	0.061947830106324445	1.0	0.0003568056770278032	1.0	1.0	0.5532539038973459	0.06727234947200764	0.44009090936670464	0.0002679753689175078	1.0	0.49999999999999956	0.5532525641473256
342.24853384252737	1.0	0.0002234551473829279	1.0	1.0	0.5532541347855944	0.06189773926575991	1.0	0.0003529645010390773	1.0	1.0	0.5532539089940557	0.06710677410240629	0.44009090936670464	0.0002639625059486586	1.0	0.49999999999999956	0.5532525976235463
343.24853384252737	1.0	0.00022344552768851174	1.0	1.0	0.5532541348204455	0.061848830108353736	1.0	0.0003492336912738348	1.0	1.0	0.5532539139790301	0.06694479141638841	0.44009090936670464	0.00026006470855040797	1.0	0.49999999999999956	0.5532526303906031
344.24853384252737	1.0	0.0002234363294061456	1.0	1.0	0.5532541348543638	0.061801074838154495	1.0	0.00034561008091690506	1.0	1.0	0.553253918854715	0.06678632635976389	0.44009090936670464	0.00025627868531687706	1.0	0.49999999999999956	0.5532526624634262
345.24853384252737	1.0	0.0002234275340749399	1.0	1.0	0.5532541348873743	0.061754446309266665	1.0	0.0003420905938331401	1.0	1.0	0.5532539236235027	0.06663130535112946	0.44009090936670464	0.000252601238639638	1.0	0.49999999999999956	0.5532526938566334
346.24853384252737	1.0	0.00022341912404272537	1.0	1.0	0.5532541349195013	0.06170891801082722	1.0	0.00033867224197909284	1.0	1.0	0.5532539282877332	0.0664796562561707	0.44009090936670464	0.000249029262050206	1.0	0.49999999999999956	0.5532527245845376
347.24853384252737	1.0	0.00022341108243062512	1.0	1.0	0.5532541349507684	0.06166446405232101	1.0	0.00033535212288821146	1.0	1.0	0.5532539328496956	0.06633130836229967	0.44009090936670464	0.0002455597376371402	1.0	0.49999999999999956	0.5532527546611516
348.24853384252737	1.0	0.00022340339309917886	1.0	1.0	0.5532541349811987	0.06162105914922743	1.0	0.00033212741722747787	1.0	1.0	0.5532539373116288	0.06618619235362834	0.44009090936670464	0.00024218973353568873	1.0	0.49999999999999956	0.5532527841001961
349.24853384252737	1.0	0.00022339604061595125	1.0	1.0	0.5532541350108144	0.06157867860899143	1.0	0.0003289953864234757	1.0	1.0	0.5532539416757228	0.06604424028627723	0.44009090936670464	0.00023891640148797	1.0	0.49999999999999956	0.553252812915104
350.24853384252737	1.0	0.00022338901022455894	1.0	1.0	0.5532541350396376	0.06153729831731204	1.0	0.00032595337035592987	1.0	1.0	0.5532539459441198	0.06590538556401912	0.44009090936670464	0.00023573697447173544	1.0	0.49999999999999956	0.5532528411190278
351.24853384252737	1.0	0.0002233822878150547	1.0	1.0	0.5532541350676893	0.061496894724741236	1.0	0.00032299878511681424	1.0	1.0	0.5532539501189152	0.06576956291425703	0.44009090936670464	0.0002326487643958131	1.0	0.49999999999999956	0.5532528687248447
352.24853384252737	1.0	0.0002233758598956088	1.0	1.0	0.5532541350949902	0.06145744483358684	1.0	0.00032012912083317636	1.0	1.0	0.5532539542021585	0.06563670836433569	0.44009090936670464	0.0002296491598603821	1.0	0.49999999999999956	0.5532528957451622
353.24853384252737	1.0	0.0002233697135654311	1.0	1.0	0.5532541351215604	0.06141892618511257	1.0	0.0003173419395518807	1.0	1.0	0.5532539581958544	0.06550675921818534	0.44009090936670464	0.00022673562398027816	1.0	0.49999999999999956	0.5532529221923242
354.24853384252737	1.0	0.00022336383648887914	1.0	1.0	0.5532541351474195	0.06138131684702902	1.0	0.0003146348731845217	1.0	1.0	0.553253962101964	0.06537965403329699	0.44009090936670464	0.00022390569226957998	1.0	0.49999999999999956	0.5532529480784162
355.24853384252737	1.0	0.00022335821687070065	1.0	1.0	0.5532541351725865	0.06134459540126906	1.0	0.0003120056215108067	1.0	1.0	0.5532539659224052	0.06525533259802738	0.44009090936670464	0.00022115697058577315	1.0	0.49999999999999956	0.5532529734152704
356.24853384252737	1.0	0.00022335284343236056	1.0	1.0	0.5532541351970798	0.061308740932041667	1.0	0.0003094519502387564	1.0	1.0	0.5532539696590542	0.06513373590923245	0.44009090936670464	0.00021848713313183467	1.0	0.49999999999999956	0.5532529982144714
357.24853384252737	1.0	0.00022334770538940502	1.0	1.0	0.5532541352209176	0.06127373301415791	1.0	0.00030697168912011667	1.0	1.0	0.5532539733137462	0.06501480615022756	0.44009090936670464	0.00021589392051462683	1.0	0.49999999999999956	0.5532530224873612
358.24853384252737	1.0	0.00022334279242981712	1.0	1.0	0.5532541352441174	0.06123955170162338	1.0	0.0003045627301194207	1.0	1.0	0.553253976888276	0.06489848666907266	0.44009090936670464	0.00021337513785803244	1.0	0.49999999999999956	0.5532530462450441
359.24853384252737	1.0	0.0002233380946933207	1.0	1.0	0.5532541352666962	0.06120617751649088	1.0	0.0003022230256351835	1.0	1.0	0.5532539803843997	0.06478472195718056	0.44009090936670464	0.00021092865296930678	1.0	0.49999999999999956	0.5532530694983919
360.24853384252737	1.0	0.00022333360275159092	1.0	1.0	0.5532541352886707	0.061173591437967995	1.0	0.00029995058677175456	1.0	1.0	0.5532539838038344	0.0646734576282462	0.44009090936670464	0.00020855239455716277	1.0	0.49999999999999956	0.5532530922580484
361.24853384252737	1.0	0.00022332930758933156	1.0	1.0	0.5532541353100571	0.06114177489177384	1.0	0.0002977434816603938	1.0	1.0	0.5532539871482601	0.06456464039749489	0.44009090936670464	0.00020624435050014688	1.0	0.49999999999999956	0.5532531145344344
362.24853384252737	1.0	0.00022332520058618147	1.0	1.0	0.5532541353308711	0.06111070973973935	1.0	0.00029559983382817834	1.0	1.0	0.5532539904193199	0.06445821806124717	0.44009090936670464	0.00020400256616390238	1.0	0.49999999999999956	0.5532531363377522
363.24853384252737	1.0	0.00022332127349941353	1.0	1.0	0.553254135351128	0.061080378269645894	1.0	0.00029351782061338494	1.0	1.0	0.5532539936186208	0.06435413947679798	0.44009090936670464	0.00020182514276595543	1.0	0.49999999999999956	0.5532531576779902
364.24853384252737	1.0	0.00022331751844739157	1.0	1.0	0.5532541353708427	0.06105076318529693	1.0	0.0002914956716260321	1.0	1.0	0.553253996747735	0.06425235454260772	0.44009090936670464	0.00019971023578669626	1.0	0.49999999999999956	0.5532531785649274
365.24853384252737	1.0	0.000223313927893752	1.0	1.0	0.5532541353900298	0.06102184759681743	1.0	0.00028953166725230185	1.0	1.0	0.5532539998082	0.06415281417880271	0.44009090936670464	0.00019765605342526486	1.0	0.49999999999999956	0.5532531990081376
365.24853384252737	1.0	0.000223313927893752	1.0	1.0	0.5532541353900298	0.06102184759681743	1.0	0.00028953166725230185	1.0	1.0	0.5532539998082	0.06415281417880271	0.44009090936670464	0.00019765605342526486	1.0	0.49999999999999956	0.5532531990081376
