t	r_T1	r_T2	r_T3	r_T4	r_P1	r_P2	r_P3	r_P4	r_O1	r_O2	r_O3	r_O4	p_T1	p_T2	p_T3	p_T4	p_P1	p_P2	p_P3	p_P4	p_O1	p_O2	p_O3	p_O4	ψ_T1	ψ_T2	ψ_T3	ψ_T4	ψ_P1	ψ_P2	ψ_P3	ψ_P4
0.0	1.0	1.0	1.0	1.0	1.0	1.0	1.0	1.0	0.019033386512940786	1.0	0.028714874949339747	1.0	1.0	1.0	1.0	1.0	1.0	1.0	1.0	1.0	0.019033386512940786	1.0	0.028714874949339747	1.0	0.05154222095193925	0.9484401485323151	0.05726610262376362	0.9150253572023269	1.0	1.0	1.0	1.0
0.12625308062211504	1.0	1.0	1.0	1.0	1.0	1.0	1.0	1.0	0.021712837516926986	0.9999999259839923	0.03188705472344244	0.9999648057367356	1.0	1.0	1.0	1.0	1.0	1.0	1.0	1.0	0.019038177634846526	0.9999999999054243	0.02872098805640716	0.9999999400637051	0.0575222297860839	0.942500017825034	0.0639067066210129	0.9055356162637123	1.0	1.0	1.0	1.0
1.126253080622115	1.0	1.0	1.0	1.0	1.0	1.0	1.0	1.0	0.042418507789612245	0.9999972728639124	0.05663451699995432	0.9994109878229681	1.0	1.0	1.0	1.0	1.0	1.0	1.0	1.0	0.019405618694405068	0.999999978569174	0.029192112442261397	0.9999925266263617	0.10289897387743248	0.8975790966955297	0.11428320394022898	0.8348245806697073	1.0	1.0	1.0	1.0
2.126253080622115	1.0	1.0	1.0	1.0	1.0	1.0	1.0	1.0	0.06220475832954345	0.9999855786724475	0.08072323953624534	0.9982679557377078	1.0	1.0	1.0	1.0	1.0	1.0	1.0	1.0	0.020328327557237073	0.9999998192595622	0.030383648073299147	0.9999622091291852	0.14493008707432226	0.8562239797786757	0.16092400170464813	0.7714367544761354	1.0	1.0	1.0	1.0
3.126253080622115	1.0	1.0	1.0	1.0	1.0	1.0	1.0	1.0	0.08107193785627725	0.9999541589926868	0.10417075697587808	0.9964568617642623	1.0	1.0	1.0	1.0	1.0	1.0	1.0	1.0	0.021765106577593844	0.9999992225404685	0.03225436595376717	0.9998921613380158	0.1838622430045354	0.818151615005119	0.20410612296879682	0.7146137073266584	1.0	1.0	1.0	1.0
4.126253080622115	1.0	1.0	1.0	1.0	1.0	1.0	1.0	1.0	0.09902307020702222	0.9998894139993633	0.12699413721545272	0.9939559158435975	1.0	1.0	1.0	1.0	1.0	1.0	1.0	1.0	0.023675955172291246	0.9999976324847195	0.0347647980545097	0.9997646958369488	0.2199239280299653	0.7831014188621593	0.24408604797544323	0.6636755559300246	1.0	1.0	1.0	1.0
5.126253080622115	1.0	1.0	1.0	1.0	1.0	1.0	1.0	1.0	0.11606428342383768	0.9997762174530049	0.14920999382834285	0.9907800535631189	1.0	1.0	1.0	1.0	1.0	1.0	1.0	1.0	0.026022117383098203	0.9999941946190046	0.03787717047515584	0.9995625579055636	0.25332678219515453	0.7508334928489789	0.28110123752019855	0.6180128293099463	1.0	1.0	1.0	1.0
6.126253080622115	1.0	1.0	1.0	1.0	1.0	1.0	1.0	1.0	0.1322051203604352	0.9995991936300134	0.17083449815770319	0.9869669843779815	1.0	1.0	1.0	1.0	1.0	1.0	1.0	1.0	0.028766138484354033	0.9999877436862588	0.04155533898607174	0.999269719262137	0.2842668413075919	0.721126981508921	0.31537154335009665	0.5770791765327903	1.0	1.0	1.0	1.0
7.126253080622115	1.0	1.0	1.0	1.0	1.0	1.0	1.0	1.0	0.14745871417132972	0.9993437568315943	0.191883391087575	0.9825675630980615	1.0	1.0	1.0	1.0	1.0	1.0	1.0	1.0	0.031871926817333696	0.9999768166227968	0.045764726868659546	0.9988718294018397	0.3129256874393322	0.6937785608004897	0.3471005139732163	0.5403848296616158	1.0	1.0	1.0	1.0
8.126253080622115	1.0	1.0	1.0	1.0	1.0	1.0	1.0	1.0	0.16184182221945007	0.9989968756122901	0.21237199450068864	0.9776392409237883	1.0	1.0	1.0	1.0	1.0	1.0	1.0	1.0	0.03530481681546459	0.999959684600436	0.05047226497529661	0.9983564346028758	0.33947151460204134	0.6686010464608374	0.37647660363520286	0.5074907437213182	1.0	1.0	1.0	1.0
9.126253080622115	1.0	1.0	1.0	1.0	1.0	1.0	1.0	1.0	0.17537472234266693	0.9985475706708884	0.23231522243134048	0.9722417086644661	1.0	1.0	1.0	1.0	1.0	1.0	1.0	1.0	0.039031629263682824	0.9999343978586377	0.05564633393283221	0.9977130428010358	0.36406011584973696	0.6454221128367847	0.40367429164340685	0.47800334356002305	1.0	1.0	1.0	1.0
10.126253080622115	1.0	1.0	1.0	1.0	1.0	1.0	1.0	1.0	0.18808098479406096	0.9979871798944546	0.25172759192150324	0.9664340809767424	1.0	1.0	1.0	1.0	1.0	1.0	1.0	1.0	0.04302072519110895	0.9998988376725225	0.06125670841609667	0.9969330894070196	0.38683579760236675	0.6240831134145065	0.42885511868686493	0.45156981475334057	1.0	1.0	1.0	1.0
11.126253080622115	1.0	1.0	1.0	1.0	1.0	1.0	1.0	1.0	0.19998714051098518	0.9973094348679765	0.2706232335881108	0.9602731479983017	1.0	1.0	1.0	1.0	1.0	1.0	1.0	1.0	0.0472420503774177	0.9998507707777551	0.06727450342033282	0.9960098422793784	0.40793222655623773	0.6044379949750858	0.4521686463073482	0.4278738822075185	1.0	1.0	1.0	1.0
12.126253080622115	1.0	1.0	1.0	1.0	1.0	1.0	1.0	1.0	0.21112227107277443	0.9965103952347628	0.2890159019092413	0.9538123552414343	1.0	1.0	1.0	1.0	1.0	1.0	1.0	1.0	0.05166716818718172	0.9997879026582619	0.07367212246383449	0.9949382719342319	0.42747321415167316	0.5863522979439516	0.47375334522025553	0.40663202595281356	1.0	1.0	1.0	1.0
13.126253080622115	1.0	1.0	1.0	1.0	1.0	1.0	1.0	1.0	0.2215175476227088	0.99558828402486	0.3069189852367042	0.9471012724843964	1.0	1.0	1.0	1.0	1.0	1.0	1.0	1.0	0.05626927925201909	0.9997079271462859	0.08042320765437297	0.9937149044782375	0.4455734432018081	0.5697022360921677	0.4937374177615351	0.38759008884934637	1.0	1.0	1.0	1.0
14.126253080622115	1.0	1.0	1.0	1.0	1.0	1.0	1.0	1.0	0.23120574540040886	0.994543260931212	0.3243455155423209	0.9401853849799297	1.0	1.0	1.0	1.0	1.0	1.0	1.0	1.0	0.06102322732026631	0.9996085707007742	0.08750259155521359	0.9923376687469088	0.4623391409469863	0.5543738492906531	0.5122395593455583	0.37052023561690633	1.0	1.0	1.0	1.0
15.126253080622115	1.0	1.0	1.0	1.0	1.0	1.0	1.0	1.0	0.24022075788196395	0.9933771632596459	0.3413081779049733	0.9331060921206832	1.0	1.0	1.0	1.0	1.0	1.0	1.0	1.0	0.0659054913240708	0.9994876304807645	0.09488625078867213	0.9908057449868489	0.4778687024848045	0.5402622235184238	0.5293696634566256	0.35521822680373843	1.0	1.0	1.0	1.0
16.126253080622114	1.0	1.0	1.0	1.0	1.0	1.0	1.0	1.0	0.2485971305229811	0.9920932370687124	0.35781931974528686	0.9259008352011281	1.0	1.0	1.0	1.0	1.0	1.0	1.0	1.0	0.07089416432896914	0.9993430059083447	0.10255126131723728	0.9891194195934347	0.49225326823461	0.5272707727862586	0.5452294743614019	0.34150097507756194	1.0	1.0	1.0	1.0
17.126253080622114	1.0	1.0	1.0	1.0	1.0	1.0	1.0	1.0	0.25636962941978064	0.9906958745314488	0.37389095981461246	0.918603301362339	1.0	1.0	1.0	1.0	1.0	1.0	1.0	1.0	0.07596892050618669	0.9991727238336373	0.11047575534429341	0.9872799485089292	0.5055772588254962	0.5153105780609691	0.5599131914190671	0.3292043546000354	1.0	1.0	1.0	1.0
18.126253080622114	1.0	1.0	1.0	1.0	1.0	1.0	1.0	1.0	0.2635728554330522	0.9891903681189781	0.3895347969447837	0.9112436684062128	1.0	1.0	1.0	1.0	1.0	1.0	1.0	1.0	0.0811109715965587	0.9989749576951341	0.11863887977841982	0.9852894306171214	0.517918870546964	0.5042997786655886	0.5735080285784835	0.3181812372740058	1.0	1.0	1.0	1.0
19.126253080622114	1.0	1.0	1.0	1.0	1.0	1.0	1.0	1.0	0.27024090989965266	0.9875826879075742	0.40476221856494626	0.9038488672586651	1.0	1.0	1.0	1.0	1.0	1.0	1.0	1.0	0.08630301452527613	0.9987480412393037	0.12702075620712003	0.9831506916400927	0.5293505342699673	0.4941630119899625	0.5860947323855122	0.3082997323673947	1.0	1.0	1.0	1.0
20.126253080622114	1.0	1.0	1.0	1.0	1.0	1.0	1.0	1.0	0.2764071142755793	0.9858792850796783	0.4195843089915921	0.8964428471199164	1.0	1.0	1.0	1.0	1.0	1.0	1.0	1.0	0.0915291718966508	0.9984904774498595	0.13560244232765098	0.9808671785114917	0.5399393405316738	0.4848308976768824	0.5977480615771855	0.29944160845095896	1.0	1.0	1.0	1.0
21.126253080622114	1.0	1.0	1.0	1.0	1.0	1.0	1.0	1.0	0.28210378304383704	0.9840869223816388	0.434011857497778	0.8890468339442315	1.0	1.0	1.0	1.0	1.0	1.0	1.0	1.0	0.09677492707114398	0.9982009433626369	0.14436589478437853	0.9784428638723195	0.5497474332786935	0.4762395627533118	0.6085372311112832	0.2915008787685364	1.0	1.0	1.0	1.0
22.126253080622114	1.0	1.0	1.0	1.0	1.0	1.0	1.0	1.0	0.2873620470058281	0.982212530745119	0.44805536616736247	0.8816795766662751	1.0	1.0	1.0	1.0	1.0	1.0	1.0	1.0	0.10202705542784249	0.9978782914259603	0.15329393336378508	0.975882160143188	0.5588323745795872	0.46833020445649914	0.618526323268628	0.2843825331138419	1.0	1.0	1.0	1.0
23.126253080622114	1.0	1.0	1.0	1.0	1.0	1.0	1.0	1.0	0.29221172259411865	0.9802630903060853	0.46172505753995896	0.874357578109671	1.0	1.0	1.0	1.0	1.0	1.0	1.0	1.0	0.10727355326790665	0.9975215480238636	0.16237020649989917	0.9731898425256347	0.5672474824470943	0.46104868776277447	0.6277746682698424	0.27800140104081933	1.0	1.0	1.0	1.0
24.126253080622114	1.0	1.0	1.0	1.0	1.0	1.0	1.0	1.0	0.2966812219909866	0.978245533514632	0.4750308820521692	0.8670953091718943	1.0	1.0	1.0	1.0	1.0	1.0	1.0	1.0	0.11250356563869779	0.9971299097219485	0.17157915804450707	0.9703709802431274	0.5750421437527005	0.454345174864344	0.6363371966672401	0.2722811328059517	1.0	1.0	1.0	1.0
25.126253080622114	1.0	1.0	1.0	1.0	1.0	1.0	1.0	1.0	0.30079749848438003	0.9761666677955361	0.4879825252805299	0.8599054059518924	1.0	1.0	1.0	1.0	1.0	1.0	1.0	1.0	0.1177073141708752	0.996702737731243	0.18090599525804535	0.9674308753285991	0.5822621040699902	0.4481737840580645	0.6442647656048841	0.2671532858495829	1.0	1.0	1.0	1.0
26.126253080622114	1.0	1.0	1.0	1.0	1.0	1.0	1.0	1.0	0.30458602151416997	0.9740331151944492	0.5005894149914741	0.8527988501612221	1.0	1.0	1.0	1.0	1.0	1.0	1.0	1.0	0.12287602583424741	0.9962395510197705	0.1903366579785614	0.9643750082853023	0.5889497361478262	0.44249227571148575	0.6516044608846332	0.26255650588607327	1.0	1.0	1.0	1.0
27.126253080622114	1.0	1.0	1.0	1.0	1.0	1.0	1.0	1.0	0.3080707761424755	0.9718512665529977	0.5128607280034775	0.845785133565549	1.0	1.0	1.0	1.0	1.0	1.0	1.0	1.0	0.12800186334135275	0.9957400184383083	0.19985778892756903	0.9612089899817734	0.59514428858898	0.4372617631567794	0.6583998766322989	0.25843579280459567	1.0	1.0	1.0	1.0
28.126253080622114	1.0	1.0	1.0	1.0	1.0	1.0	1.0	1.0	0.3112742821264475	0.9696272479429023	0.524805396866426	0.8388724074299888	1.0	1.0	1.0	1.0	1.0	1.0	1.0	1.0	0.1330778577662172	0.9952039501681907	0.2094567051130181	0.9579385191832801	0.6008821161936682	0.4324464465337887	0.6646913742249894	0.25474184259713434	1.0	1.0	1.0	1.0
29.126253080622114	1.0	1.0	1.0	1.0	1.0	1.0	1.0	1.0	0.3142176283046221	0.9673668973158522	0.53643211636311	0.8320676180498902	1.0	1.0	1.0	1.0	1.0	1.0	1.0	1.0	0.13809784380253337	0.9946312887461364	0.21912137029094375	0.9545693451670539	0.6061968933198406	0.4280133677605074	0.6705163220175401	0.2514304574399055	1.0	1.0	1.0	1.0
30.126253080622114	1.0	1.0	1.0	1.0	1.0	1.0	1.0	1.0	0.31692051857255205	0.9650757495660356	0.5477493498376148	0.8253766294798435	1.0	1.0	1.0	1.0	1.0	1.0	1.0	1.0	0.14305639796173997	0.9940220998743781	0.2288403684486632	0.9511072349141275	0.6111198115123997	0.42393218495390067	0.6759093172918865	0.24846201686987104	1.0	1.0	1.0	1.0
31.126253080622114	1.0	1.0	1.0	1.0	1.0	1.0	1.0	1.0	0.319401326280542	0.9627590284389618	0.55876533535525	0.8188043345562697	1.0	1.0	1.0	1.0	1.0	1.0	1.0	1.0	0.14794877990691568	0.993376563183812	0.23860287827364593	0.9475579444150002	0.6156797625611997	0.42017496475710864	0.680902391747647	0.24580100372901353	1.0	1.0	1.0	1.0
32.126253080622114	1.0	1.0	1.0	1.0	1.0	1.0	1.0	1.0	0.3216771544103823	0.9604216439431977	0.569488091698525	0.8123547552620137	1.0	1.0	1.0	1.0	1.0	1.0	1.0	1.0	0.15277087703190412	0.9926949630831311	0.2483986485734009	0.9439271936686148	0.6199035080621673	0.416715991151631	0.6855252017544272	0.24341557920433313	1.0	1.0	1.0	1.0
33.126253080622114	1.0	1.0	1.0	1.0	1.0	1.0	1.0	1.0	0.32376389936408007	0.9580681941252681	0.5799254242035592	0.8060311334177891	1.0	1.0	1.0	1.0	1.0	1.0	1.0	1.0	0.15751915232499497	0.991977679797483	0.2582179746129009	0.9402206449936781	0.623815836476666	0.4135315894459214	0.6898052044958509	0.2412772018789536	1.0	1.0	1.0	1.0
34.126253080622114	1.0	1.0	1.0	1.0	1.0	1.0	1.0	1.0	0.3256763166186336	0.9557029702497568	0.5900849304411849	0.7998360126135946	1.0	1.0	1.0	1.0	1.0	1.0	1.0	1.0	0.16219059550089268	0.9912251806755263	0.26805167533720076	0.9364438843079463	0.6274397086108626	0.4105999642356949	0.6937678210515232	0.23936028623631347	1.0	1.0	1.0	1.0
35.126253080622114	1.0	1.0	1.0	1.0	1.0	1.0	1.0	1.0	0.3274280868652663	0.9533299645861945	0.5999740057468886	0.7937713122189002	1.0	1.0	1.0	1.0	1.0	1.0	1.0	1.0	0.16678267734162713	0.9904380118232912	0.27789107144800684	0.9326024050646576	0.6307963923688873	0.40790105022687945	0.6974365873855524	0.23764189653147205	1.0	1.0	1.0	1.0
36.126253080622114	1.0	1.0	1.0	1.0	1.0	1.0	1.0	1.0	0.3290318815611704	0.950952880142485	0.6095998486036165	0.7878383942369863	1.0	1.0	1.0	1.0	1.0	1.0	1.0	1.0	0.1712933071545917	0.9896167901063928	0.2877279643040172	0.9287015945658947	0.6339055875706336	0.40541637490017984	0.7008332941384272	0.23610147236672477	1.0	1.0	1.0	1.0
37.126253080622114	1.0	1.0	1.0	1.0	1.0	1.0	1.0	1.0	0.33049942708082747	0.9485751418029966	0.6189694658813623	0.7820381236984769	1.0	1.0	1.0	1.0	1.0	1.0	1.0	1.0	0.17572079323226023	0.9887621955484159	0.2975546156158796	0.9247467224004388	0.6367855415667324	0.40312893207727224	0.7039781160525431	0.23472058268806112	1.0	1.0	1.0	1.0
38.126253080622114	1.0	1.0	1.0	1.0	1.0	1.0	1.0	1.0	0.33184156686759964	0.9461999084299675	0.6280896779373469	0.77637092322304	1.0	1.0	1.0	1.0	1.0	1.0	1.0	1.0	0.18006380618174614	0.9878749641421769	0.3073637279076086	0.9207429307788133	0.6394531563292235	0.4010230655232618	0.7068897318001002	0.2334827052590527	1.0	1.0	1.0	1.0
39.126253080622114	1.0	1.0	1.0	1.0	1.0	1.0	1.0	1.0	0.33306832116018537	0.9438300855716081	0.6369671235804958	0.7708368223170596	1.0	1.0	1.0	1.0	1.0	1.0	1.0	1.0	0.1843213449818349	0.986955881081692	0.31714842571726193	0.9166952265609116	0.6419240876464252	0.39908436178872964	0.7095854349250911	0.2323730289735935	1.0	1.0	1.0	1.0
40.126253080622114	1.0	1.0	1.0	1.0	1.0	1.0	1.0	1.0	0.3341889440083043	0.9414683384912431	0.6456082649038213	0.765435501919004	1.0	1.0	1.0	1.0	1.0	1.0	1.0	1.0	0.18849270561924789	0.9860057744156497	0.32690223751060604	0.9126084747920588	0.6442128370041571	0.3972995515579337	0.7120812365583192	0.23137827664217972	1.0	1.0	1.0	1.0
41.126253080622114	1.0	1.0	1.0	1.0	1.0	1.0	1.0	1.0	0.33521197740289055	0.9391171052909254	0.6540193919882197	0.7601663346531824	1.0	1.0	1.0	1.0	1.0	1.0	1.0	1.0	0.1925774521536761	0.9850255091177004	0.3366190782823973	0.9084873935817848	0.6463328366925544	0.39565641882794866	0.7143919605155226	0.23048654613138161	1.0	1.0	1.0	1.0
42.126253080622114	1.0	1.0	1.0	1.0	1.0	1.0	1.0	1.0	0.33614530243290797	0.936778609951901	0.662206627481099	0.7550284212063876	1.0	1.0	1.0	1.0	1.0	1.0	1.0	1.0	0.19657539006171368	0.9840159815646596	0.34629323282077334	0.9043365501761637	0.6482965286379486	0.3941437172971288	0.7165313313434385	0.22968716795575259	1.0	1.0	1.0	1.0
43.126253080622114	1.0	1.0	1.0	1.0	1.0	1.0	1.0	1.0	0.3369961874478738	0.9344548751546479	0.6701759310531638	0.7500206232002639	1.0	1.0	1.0	1.0	1.0	1.0	1.0	1.0	0.20048654171253422	0.9829781144105559	0.35591933961108757	0.9001603580894928	0.6501154374224689	0.3927510933906197	0.7185120558367601	0.22897057761827486	1.0	1.0	1.0	1.0
44.126253080622114	1.0	1.0	1.0	1.0	1.0	1.0	1.0	1.0	0.33777133325593645	0.9321477347743032	0.677933103736593	0.7451415928947812	1.0	1.0	1.0	1.0	1.0	1.0	1.0	1.0	0.20431112383242658	0.9819128518421327	0.36549237535633083	0.8959630751745047	0.6518002379199018	0.3914690153960733	0.7203458985101532	0.22832820117190467	1.0	1.0	1.0	1.0
45.126253080622114	1.0	1.0	1.0	1.0	1.0	1.0	1.0	1.0	0.33847691542500813	0.9298588459743024	0.6854837921477648	0.7403898000245768	1.0	1.0	1.0	1.0	1.0	1.0	1.0	1.0	0.20804952682068714	0.980821155199794	0.3750076400920678	0.8917488025223799	0.6533608179447539	0.39028870822454104	0.7220437514735997	0.2277523526329701	1.0	1.0	1.0	1.0
46.126253080622114	1.0	1.0	1.0	1.0	1.0	1.0	1.0	1.0	0.3391186237816103	0.9275897008429826	0.6928334925975951	0.7357635560397873	1.0	1.0	1.0	1.0	1.0	1.0	1.0	1.0	0.21170229578549557	0.9797039989469112	0.3844607428745734	0.8875214840946946	0.6548063362821938	0.3892020933500197	0.723615699126094	0.22723614201898074	1.0	1.0	1.0	1.0
47.126253080622114	1.0	1.0	1.0	1.0	1.0	1.0	1.0	1.0	0.33970169922091886	0.9253416375356109	0.6999875550924777	0.7312610359960049	1.0	1.0	1.0	1.0	1.0	1.0	1.0	1.0	0.21527011317499745	0.9785623669697922	0.3938475880215876	0.8832849069992212	0.6561452764394426	0.3882017335165721	0.7250710780519384	0.22677339291052884	1.0	1.0	1.0	1.0
48.126253080622114	1.0	1.0	1.0	1.0	1.0	1.0	1.0	1.0	0.34023096795378094	0.9231158508984949	0.7069511872287352	0.7268802983138216	1.0	1.0	1.0	1.0	1.0	1.0	1.0	1.0	0.21875378288565817	0.9773972491903431	0.4031643618858132	0.8790427023303101	0.6573854964340703	0.3872807818345734	0.7264185324753926	0.22635856855091693	1.0	1.0	1.0	1.0
49.126253080622114	1.0	1.0	1.0	1.0	1.0	1.0	1.0	1.0	0.3407108733236666	0.9209134025631497	0.7137294579834115	0.7226193026067872	1.0	1.0	1.0	1.0	1.0	1.0	1.0	1.0	0.22215421573687305	0.9762096384734666	0.41240752014196774	0.8747983465025206	0.6585342749113956	0.3864329349176762	0.7276660656030506	0.2259867055992991	1.0	1.0	1.0	1.0
50.126253080622114	1.0	1.0	1.0	1.0	1.0	1.0	1.0	1.0	0.34114550532980187	0.9187352305074145	0.7203273014041635	0.7184759257572326	1.0	1.0	1.0	1.0	1.0	1.0	1.0	1.0	0.22547241620768738	0.9750005278114674	0.42157377556886005	0.8705551630133286	0.6595983538616483	0.3856523897397447	0.7288210871588926	0.22565335474469816	1.0	1.0	1.0	1.0
51.126253080622114	1.0	1.0	1.0	1.0	1.0	1.0	1.0	1.0	0.3415386279930435	0.9165821580873856	0.7267495202009351	0.7144479764020478	1.0	1.0	1.0	1.0	1.0	1.0	1.0	1.0	0.2287094703382067	0.9737709077681251	0.43066008630860325	0.8663163245771929	0.6605839781875908	0.38493380391646687	0.7298904573943461	0.22535452747034956	1.0	1.0	1.0	1.0
52.126253080622114	1.0	1.0	1.0	1.0	1.0	1.0	1.0	1.0	0.34189370469916236	0.9144549025493983	0.7330007892420275	0.7105332079749442	1.0	1.0	1.0	1.0	1.0	1.0	1.0	1.0	0.23186653470479202	0.9725217641656139	0.4396636445856919	0.8620848555790912	0.6614969323548158	0.3842722591397964	0.7308805278347547	0.22508664833141195	1.0	1.0	1.0	1.0
53.126253080622114	1.0	1.0	1.0	1.0	1.0	1.0	1.0	1.0	0.34221392165069614	0.91235408303535	0.7390856589571082	0.7067293304377721	1.0	1.0	1.0	1.0	1.0	1.0	1.0	1.0	0.2349448263843894	0.9712540759980477	0.44858186586926985	0.8578636348008967	0.6623425743398149	0.3836632275149535	0.7317971790042676	0.2248465121750508	1.0	1.0	1.0	1.0
54.126253080622114	1.0	1.0	1.0	1.0	1.0	1.0	1.0	1.0	0.34250220955388955	0.910280228097659	0.7450085586496359	0.7030340208209316	1.0	1.0	1.0	1.0	1.0	1.0	1.0	1.0	0.23794561382931048	0.9699688135561015	0.4574123784624916	0.8536553983787182	0.6631258670750536	0.38310254056958065	0.7326458553532177	0.22463124579103672	1.0	1.0	1.0	1.0
55.126253080622114	1.0	1.0	1.0	1.0	1.0	1.0	1.0	1.0	0.3427612636618248	0.9082337827422896	0.7507737997211114	0.6994449326816556	1.0	1.0	1.0	1.0	1.0	1.0	1.0	1.0	0.24087020857943708	0.9686669367478616	0.4661530135034384	0.8494627429536246	0.6638514075755982	0.38258636072293856	0.7334315975954385	0.22443827353401097	1.0	1.0	1.0	1.0
56.126253080622114	1.0	1.0	1.0	1.0	1.0	1.0	1.0	1.0	0.3429935622889477	0.9062151150197273	0.7563855788095012	0.695959704578815	1.0	1.0	1.0	1.0	1.0	1.0	1.0	1.0	0.24371995774416563	0.967349393601792	0.47480179536258865	0.8452881289820539	0.6645234539182342	0.3821111550198661	0.7341590726475875	0.2242652865060913	1.0	1.0	1.0	1.0
57.126253080622114	1.0	1.0	1.0	1.0	1.0	1.0	1.0	1.0	0.3432013839060295	0.9042245221846759	0.7618479808441185	0.6925759676537779	1.0	1.0	1.0	1.0	1.0	1.0	1.0	1.0	0.24649623719142918	0.9660171189384414	0.48335693242236405	0.8411338841757223	0.6651459502314122	0.3816736709497273	0.7348326013483016	0.22411021493109026	1.0	1.0	1.0	1.0
58.126253080622114	1.0	1.0	1.0	1.0	1.0	1.0	1.0	1.0	0.3433868229183443	0.9022622364457074	0.7671649820191845	0.6892913523986415	1.0	1.0	1.0	1.0	1.0	1.0	1.0	1.0	0.24920044538584454	0.9646710331982539	0.4918168082247758	0.8370022070440251	0.6657225498426835	0.38127091418484066	0.7354561841218217	0.223971203389806	1.0	1.0	1.0	1.0
59.126253080622114	1.0	1.0	1.0	1.0	1.0	1.0	1.0	1.0	0.3435518042236031	0.9003284303261982	0.7723404526882344	0.6861034946857361	1.0	1.0	1.0	1.0	1.0	1.0	1.0	1.0	0.25183399782243376	0.963312041413572	0.5001799729736816	0.8328951705147942	0.6662566367194731	0.38090012808602214	0.7360335247385149	0.22384658862007728	1.0	1.0	1.0	1.0
60.126253080622114	1.0	1.0	1.0	1.0	1.0	1.0	1.0	1.0	0.3436980966400672	0.8984232216577209	0.7773781601814769	0.6830100411256165	1.0	1.0	1.0	1.0	1.0	1.0	1.0	1.0	0.25439832200647644	0.9619410323136369	0.5084451353786346	0.8288147256118856	0.6667513453290227	0.38055877483497064	0.7365680523134224	0.2237348796159825	1.0	1.0	1.0	1.0
61.126253080622114	1.0	1.0	1.0	1.0	1.0	1.0	1.0	1.0	0.34382732528932863	0.8965466782266859	0.7822817715481557	0.6800086538146969	1.0	1.0	1.0	1.0	1.0	1.0	1.0	1.0	0.25689485293387293	0.9605588775520765	0.5166111548277598	0.8247627051704173	0.6672095790340588	0.3802445180643562	0.7370629416734903	0.22363473978807116	1.0	1.0	1.0	1.0
62.126253080622114	1.0	1.0	1.0	1.0	1.0	1.0	1.0	1.0	0.3439409830125355	0.8946988220944967	0.787054856225911	0.6770970145282177	1.0	1.0	1.0	1.0	1.0	1.0	1.0	1.0	0.25932502902995186	0.9591664310470381	0.5246770338775317	0.8207408275726192	0.6676340271321468	0.37995520686672507	0.7375211322144568	0.2235449709711761	1.0	1.0	1.0	1.0
63.126253080622114	1.0	1.0	1.0	1.0	1.0	1.0	1.0	1.0	0.34404044089339286	0.8928796336108309	0.7917008886390834	0.6742728284092716	1.0	1.0	1.0	1.0	1.0	1.0	1.0	1.0	0.26169028850795517	0.9577645284247658	0.5326419110477523	0.8167507004891829	0.6680271806387322	0.3796888610727709	0.7379453453593957	0.22346449908846153	1.0	1.0	1.0	1.0
64.12625308062212	1.0	1.0	1.0	1.0	1.0	1.0	1.0	1.0	0.34412695795609705	0.8910890551389276	0.7962232507278529	0.6715338272001229	1.0	1.0	1.0	1.0	1.0	1.0	1.0	1.0	0.2639920661114911	0.9563539865580252	0.5405050539104358	0.8127938246127455	0.6683913469064966	0.37944365769821115	0.7383381007226105	0.22339236130017812	1.0	1.0	1.0	1.0
65.12625308062212	1.0	1.0	1.0	1.0	1.0	1.0	1.0	1.0	0.34420169010147367	0.8893269945109726	0.800625234410053	0.6688777720579738	1.0	1.0	1.0	1.0	1.0	1.0	1.0	1.0	0.26623179020807924	0.954935603191366	0.5482658524617066	0.8088715973717299	0.6687286631668277	0.37921791846650454	0.7387017310748861	0.22332769448336112	1.0	1.0	1.0	1.0
66.12625308062212	1.0	1.0	1.0	1.0	1.0	1.0	1.0	1.0	0.3442656983399899	0.8875933282308492	0.8049100439774526	0.6663024559936304	1.0	1.0	1.0	1.0	1.0	1.0	1.0	1.0	0.26841088020353077	0.9535101566457594	0.5559238127661943	0.8049853166141877	0.6690411090728756	0.3790100983220103	0.7390383961989819	0.22326972490463196	1.0	1.0	1.0	1.0
67.12625308062212	1.0	1.0	1.0	1.0	1.0	1.0	1.0	1.0	0.3443199563759964	0.8858879044406779	0.8090807984282512	0.6638057059681516	1.0	1.0	1.0	1.0	1.0	1.0	1.0	1.0	0.27053074424933193	0.9520784055956704	0.563478550863784	0.8011361842525924	0.6693305183178089	0.3788187748549679	0.739350095717664	0.22321775896253918	1.0	1.0	1.0	1.0
68.12625308062212	1.0	1.0	1.0	1.0	1.0	1.0	1.0	1.0	0.34436535759351605	0.8842105456667253	0.8131405337374834	0.6613853846795038	1.0	1.0	1.0	1.0	1.0	1.0	1.0	1.0	0.27259277721743613	0.9506410889121142	0.5709297869289328	0.7973253098616974	0.669598589396455	0.3786426385659175	0.7396386809704654	0.2231711748886716	1.0	1.0	1.0	1.0
69.12625308062212	1.0	1.0	1.0	1.0	1.0	1.0	1.0	1.0	0.34440272149012624	0.8825610513594214	0.8170922050669877	0.6590393920684544	1.0	1.0	1.0	1.0	1.0	1.0	1.0	1.0	0.2745983589189378	0.9491989255657155	0.5782773396731125	0.7935537142226342	0.6698468955734849	0.37848048390292693	0.7399058660097192	0.22312941530824829	1.0	1.0	1.0	1.0
70.12625308062212	1.0	1.0	1.0	1.0	1.0	1.0	1.0	1.0	0.34443279960196893	0.880939200241398	0.8209386889165469	0.6567656665703973	1.0	1.0	1.0	1.0	1.0	1.0	1.0	1.0	0.27654885254500844	0.9477526145842163	0.5855211209812672	0.7898223328073817	0.6700768941166422	0.3783312010102798	0.7401532377811735	0.2230919805711729	1.0	1.0	1.0	1.0
71.12625308062212	1.0	1.0	1.0	1.0	1.0	1.0	1.0	1.0	0.34445628095965475	0.8793447524766583	0.8246827852177676	0.6545621861374888	1.0	1.0	1.0	1.0	1.0	1.0	1.0	1.0	0.2784456033102357	0.9463028350592939	0.5926611307735009	0.7861320191985985	0.6702899348492055	0.3781937681321491	0.7403822655496568	0.22305842277375973	1.0	1.0	1.0	1.0
72.12625308062212	1.0	1.0	1.0	1.0	1.0	1.0	1.0	1.0	0.3444737971117902	0.8777774516732085	0.828327219372222	0.6524269690533588	1.0	1.0	1.0	1.0	1.0	1.0	1.0	1.0	0.280289937280128	0.9448502461979291	0.5996974520835169	0.7824835484405943	0.6704872680718778	0.37806724461926455	0.7405943096257779	0.22302834039960137	1.0	1.0	1.0	1.0
73.12625308062212	1.0	1.0	1.0	1.0	1.0	1.0	1.0	1.0	0.3444859267500403	0.8762370267307317	0.8318746442353354	0.6503580745607321	1.0	1.0	1.0	1.0	1.0	1.0	1.0	1.0	0.28208316036604386	0.9433954874139253	0.6066302463456341	0.7788776203179102	0.6706700519005929	0.37795076449070736	0.7407906294454913	0.22300137351545632	1.0	1.0	1.0	1.0
74.12625308062212	1.0	1.0	1.0	1.0	1.0	1.0	1.0	1.0	0.3444931999670255	0.8747231935441641	0.8353276420474663	0.6483536033205375	1.0	1.0	1.0	1.0	1.0	1.0	1.0	1.0	0.28382655747218133	0.9419391784555126	0.6134597488824941	0.7753148625586173	0.6708393590633065	0.37784353050676733	0.7409723910505188	0.22297719946467615	1.0	1.0	1.0	1.0
75.12625308062212	1.0	1.0	1.0	1.0	1.0	1.0	1.0	1.0	0.3444961021759343	0.8732356565733499	0.838688726313581	0.6464116977194682	1.0	1.0	1.0	1.0	1.0	1.0	1.0	1.0	0.28552139178053443	0.9404819195652847	0.6201862645858524	0.7717958339600047	0.670996183195658	0.377744808712294	0.7411406740140545	0.222955529006644	1.0	1.0	1.0	1.0
76.12625308062212	1.0	1.0	1.0	1.0	1.0	1.0	1.0	1.0	0.3444950777184917	0.8717741102882939	0.8419603436328943	0.6445305420414886	1.0	1.0	1.0	1.0	1.0	1.0	1.0	1.0	0.2871689041608897	0.9390242916690075	0.6268101637831196	0.7683210274348422	0.6711414446724532	0.3776539234131943	0.7412964778528908	0.2229361028560335	1.0	1.0	1.0	1.0
77.12625308062212	1.0	1.0	1.0	1.0	1.0	1.0	1.0	1.0	0.3444905331858533	0.8703382404989122	0.8451448754798065	0.6427083625174359	1.0	1.0	1.0	1.0	1.0	1.0	1.0	1.0	0.28877031269401393	0.9375668565901086	0.6333318782825784	0.764890872976857	0.6712759960091916	0.3775702525516941	0.7414407279640495	0.22291868858047995	1.0	1.0	1.0	1.0
78.12625308062212	1.0	1.0	1.0	1.0	1.0	1.0	1.0	1.0	0.34448284047508076	0.8689277255775951	0.8482446399374347	0.6409434272656319	1.0	1.0	1.0	1.0	1.0	1.0	1.0	1.0	0.29032681229717316	0.9361101572869133	0.6397518975904535	0.7615057405444762	0.6714006268653381	0.3774932234487089	0.7415742811211778	0.22290307781954566	1.0	1.0	1.0	1.0
79.12625308062212	1.0	1.0	1.0	1.0	1.0	1.0	1.0	1.0	0.3444723396020828	0.8675422375823407	0.851261893384998	0.6392340461352971	1.0	1.0	1.0	1.0	1.0	1.0	1.0	1.0	0.2918395744420345	0.934654718109923	0.6460707652932585	0.7581659428622497	0.6715160686787034	0.37742230888418404	0.7416979305633563	0.22288908379170344	1.0	1.0	1.0	1.0
80.12625308062212	1.0	1.0	1.0	1.0	1.0	1.0	1.0	1.0	0.34445934129027506	0.8661814432876932	0.8541988321402877	0.6375785704635224	1.0	1.0	1.0	1.0	1.0	1.0	1.0	1.0	0.2933097469558403	0.9332010450766551	0.6522890755990758	0.7548717381396954	0.6716229989581312	0.37735702348857564	0.7418124107065426	0.22287653905951055	1.0	1.0	1.0	1.0
81.12625308062212	1.0	1.0	1.0	1.0	1.0	1.0	1.0	1.0	0.34444412935270097	0.8648450051302319	0.8570575940584156	0.6359753927556128	1.0	1.0	1.0	1.0	1.0	1.0	1.0	1.0	0.2947384538975154	0.9317496261617638	0.6584074700316557	0.7516233327075986	0.671722045259685	0.37729692042077423	0.741918401505636	0.22286529352623266	1.0	1.0	1.0	1.0
82.12625308062212	1.0	1.0	1.0	1.0	1.0	1.0	1.0	1.0	0.34442696288396396	0.8635325820748906	0.8598402600880073	0.6344229462977482	1.0	1.0	1.0	1.0	1.0	1.0	1.0	1.0	0.2961267955010771	0.9303009316003493	0.664426634271437	0.7484208835720527	0.6718137888696709	0.37724158830973353	0.7420165324930702	0.22285521263994829	1.0	1.0	1.0	1.0
83.12625308062212	1.0	1.0	1.0	1.0	1.0	1.0	1.0	1.0	0.34440807827703723	0.8622438304079556	0.8625488557859691	0.6329197047101163	1.0	1.0	1.0	1.0	1.0	1.0	1.0	1.0	0.29747584817936806	0.928855414202541	0.6703472951378077	0.7452645008867581	0.6718987682161097	0.3771906484388714	0.7421073865179211	0.22284617578364566	1.0	1.0	1.0	1.0
84.12625308062212	1.0	1.0	1.0	1.0	1.0	1.0	1.0	1.0	0.34438769107883155	0.8609784044621822	0.8651853527919362	0.6314641814479424	1.0	1.0	1.0	1.0	1.0	1.0	1.0	1.0	0.298786664581733	0.9274135096775982	0.6761702177071247	0.742154250344293	0.6719774820286825	0.377143752153972	0.7421915032077397	0.2228380748320497	1.0	1.0	1.0	1.0
85.12625308062212	1.0	1.0	1.0	1.0	1.0	1.0	1.0	1.0	0.34436599769730825	0.8597359572790911	0.867751670263471	0.630054929257178	1.0	1.0	1.0	1.0	1.0	1.0	1.0	1.0	0.300060273699809	0.9259756369659242	0.6818962025612123	0.7390901554872474	0.6720503922656916	0.37710057847684747	0.7422693821736707	0.22283081285791154	1.0	1.0	1.0	1.0
86.12625308062212	1.0	1.0	1.0	1.0	1.0	1.0	1.0	1.0	0.344343176971917	0.8585161412131477	0.8702496762730595	0.6286905395909962	1.0	1.0	1.0	1.0	1.0	1.0	1.0	1.0	0.3012976810161066	0.9245421985775301	0.6875260831612476	0.7360721999402632	0.6721179268252179	0.3770608319084263	0.7423414859778925	0.2228243029722816	1.0	1.0	1.0	1.0
87.12625308062212	1.0	1.0	1.0	1.0	1.0	1.0	1.0	1.0	0.34431939161820874	0.8573186084821949	0.8726811891679206	0.627369641992685	1.0	1.0	1.0	1.0	1.0	1.0	1.0	1.0	0.3024998686905212	0.923113580935608	0.6930607233421272	0.7331003295641569	0.6721804820563829	0.3770242404062316	0.7424082428810065	0.22281846728489016	1.0	1.0	1.0	1.0
88.12625308062212	1.0	1.0	1.0	1.0	1.0	1.0	1.0	1.0	0.344294789556617	0.8561430116682021	0.8750479788936195	0.6260909034500136	1.0	1.0	1.0	1.0	1.0	1.0	1.0	1.0	0.30366779578034314	0.9216901547240004	0.6985010149225857	0.7301744545334147	0.6722384250854566	0.37699055352240607	0.7424700493856903	0.22281323597219646	1.0	1.0	1.0	1.0
89.12625308062212	1.0	1.0	1.0	1.0	1.0	1.0	1.0	1.0	0.3442695051346125	0.8549890041720979	0.8773517682824485	0.6248530277256803	1.0	1.0	1.0	1.0	1.0	1.0	1.0	1.0	0.30480239848972557	0.9202722752374533	0.7038478754265091	0.727294451338447	0.6722920959704602	0.3769595406895402	0.7425272725917266	0.2228085464419554	1.0	1.0	1.0	1.0
90.12625308062212	1.0	1.0	1.0	1.0	1.0	1.0	1.0	1.0	0.34424366025070646	0.8538562406261887	0.8795942343075124	0.6236547546680147	1.0	1.0	1.0	1.0	1.0	1.0	1.0	1.0	0.30590459044492874	0.918860282733651	0.7091022459110522	0.724460164714074	0.6723418096969106	0.3769309896425705	0.742580252376392	0.22280434258430643	1.0	1.0	1.0	1.0
91.12625308062212	1.0	1.0	1.0	1.0	1.0	1.0	1.0	1.0	0.3442173653881097	0.8527443772674101	0.8817770093034315	0.6224948595057168	1.0	1.0	1.0	1.0	1.0	1.0	1.0	1.0	0.3069752629919901	0.9174545027861178	0.7142650888973278	0.7216714094957806	0.6723878580264177	0.3769047049659467	0.7426293034131587	0.22280057410042328	1.0	1.0	1.0	1.0
92.12625308062212	1.0	1.0	1.0	1.0	1.0	1.0	1.0	1.0	0.34419072056523553	0.8516530722744252	0.8839016821545527	0.6213721521300504	1.0	1.0	1.0	1.0	1.0	1.0	1.0	1.0	0.3080152855137719	0.9160552466371622	0.7193373863995904	0.7189279724053352	0.672430511208985	0.3768805067561245	0.7426747170406977	0.22279719590069264	1.0	1.0	1.0	1.0
93.12625308062212	1.0	1.0	1.0	1.0	1.0	1.0	1.0	1.0	0.34416381620966546	0.8505819860713636	0.8859697994515299	0.6202854763675765	1.0	1.0	1.0	1.0	1.0	1.0	1.0	1.0	0.3090255057636158	0.9146628115501169	0.7243201380489882	0.7162296137674163	0.6724700195690623	0.3768582293902288	0.7427167629932848	0.22279416756522033	1.0	1.0	1.0	1.0
94.12625308062212	1.0	1.0	1.0	1.0	1.0	1.0	1.0	1.0	0.34413673396167294	0.8495307816007935	0.8879828666171198	0.6192337092462112	1.0	1.0	1.0	1.0	1.0	1.0	1.0	1.0	0.3100067502130901	0.9132774811602044	0.7292143593080965	0.7135760691589205	0.6725066149746578	0.37683772039246	0.7427556910028883	0.22279145286021054	1.0	1.0	1.0	1.0
95.12625308062212	1.0	1.0	1.0	1.0	1.0	1.0	1.0	1.0	0.34410954741291705	0.8484991245683291	0.8899423490020093	0.6182157602571119	1.0	1.0	1.0	1.0	1.0	1.0	1.0	1.0	0.31095982441154624	0.9118995258234225	0.7340210797725901	0.7109670509926564	0.6725405121981337	0.37681883939048477	0.7427917322824513	0.2227890193044313	1.0	1.0	1.0	1.0
96.12625308062212	1.0	1.0	1.0	1.0	1.0	1.0	1.0	1.0	0.3440823227854731	0.8474866836610979	0.8918496729514743	0.6172305706146407	1.0	1.0	1.0	1.0	1.0	1.0	1.0	1.0	0.31188551335541903	0.910529202962909	0.7387413415565415	0.7084022500371472	0.672571910176669	0.3768014571546677	0.7428251008991817	0.222786837780579	1.0	1.0	1.0	1.0
97.12625308062212	1.0	1.0	1.0	1.0	1.0	1.0	1.0	1.0	0.34405511955595786	0.8464931307421342	0.8937062268436449	0.6162771125164239	1.0	1.0	1.0	1.0	1.0	1.0	1.0	1.0	0.31278458186539765	0.9091667574123014	0.7433761977579632	0.7058813368742717	0.6726009931797886	0.37678545471356856	0.7428559950460046	0.22278488218689232	1.0	1.0	1.0	1.0
98.12625308062212	1.0	1.0	1.0	1.0	1.0	1.0	1.0	1.0	0.34402799102912834	0.8455181410226061	0.8955133621001338	0.615354388405309	1.0	1.0	1.0	1.0	1.0	1.0	1.0	1.0	0.313657774969777	0.9078124217556609	0.7479267110013377	0.703403963296485	0.6726279318908113	0.3767707225396512	0.742884598218729	0.22278312912484657	1.0	1.0	1.0	1.0
99.12625308062212	1.0	1.0	1.0	1.0	1.0	1.0	1.0	1.0	0.3440009848649883	0.8445613932136491	0.8972723941697638	0.6144614302348289	1.0	1.0	1.0	1.0	1.0	1.0	1.0	1.0	0.3145058182924621	0.9064664166635786	0.7523939520539981	0.7009697636453531	0.6726528844085612	0.37675715979963004	0.7429110803059215	0.2227815576191922	1.0	1.0	1.0	1.0
100.12625308062212	1.0	1.0	1.0	1.0	1.0	1.0	1.0	1.0	0.3439741435631131	0.8436225696594422	0.8989846034861086	0.6135972987396026	1.0	1.0	1.0	1.0	1.0	1.0	1.0	1.0	0.31532941844425033	0.905128951225125	0.756778998513338	0.6985783560931331	0.6726759971752237	0.3767446736643241	0.7429355985979594	0.2227801488669876	1.0	1.0	1.0	1.0
101.12625308062212	1.0	1.0	1.0	1.0	1.0	1.0	1.0	1.0	0.34394750490761117	0.842701356453046	0.9006512363995466	0.61276108271194	1.0	1.0	1.0	1.0	1.0	1.0	1.0	1.0	0.31612926341615194	0.9038002232753485	0.7610829335619441	0.6962293438691196	0.6726974058357909	0.37673317867329476	0.7429582987212575	0.22277888601262344	1.0	1.0	1.0	1.0
102.12625308062212	1.0	1.0	1.0	1.0	1.0	1.0	1.0	1.0	0.34392110237586815	0.8417974435364063	0.9022735060845035	0.6119518982857691	1.0	1.0	1.0	1.0	1.0	1.0	1.0	1.0	0.3169060229736388	0.9024804197180618	0.7653068447878494	0.6939223164324615	0.6727172360341382	0.37672259614991754	0.7429793155032157	0.22277775394614655	1.0	1.0	1.0	1.0
103.12625308062212	1.0	1.0	1.0	1.0	1.0	1.0	1.0	1.0	0.34389496551397003	0.8409105247858215	0.9038525934225468	0.6111688882288685	1.0	1.0	1.0	1.0	1.0	1.0	1.0	1.0	0.3176603490508234	0.901169716843694	0.7694518230672123	0.6916568505931388	0.6727356041504089	0.3767128536628862	0.7429987737730267	0.2227767391224705	1.0	1.0	1.0	1.0
104.12625308062212	1.0	1.0	1.0	1.0	1.0	1.0	1.0	1.0	0.3438691202814708	0.8400402980840781	0.9053896478619723	0.610411221244263	1.0	1.0	1.0	1.0	1.0	1.0	1.0	1.0	0.31839287614367817	0.8998682806420129	0.7735189615068268	0.6894325115827635	0.6727526179840289	0.37670388453046166	0.7430167891030992	0.22277582939930984	1.0	1.0	1.0	1.0
105.12625308062212	1.0	1.0	1.0	1.0	1.0	1.0	1.0	1.0	0.3438435893679591	0.8391864653803643	0.9068857882545107	0.6096780912815297	1.0	1.0	1.0	1.0	1.0	1.0	1.0	1.0	0.3191042217014995	0.8985762671095573	0.7775093544439646	0.6872488540768502	0.672768377386364	0.37669562736407386	0.7430334684955001	0.2227750138918985	1.0	1.0	1.0	1.0
106.12625308062212	1.0	1.0	1.0	1.0	1.0	1.0	1.0	1.0	0.3438183924836826	0.8383487327389916	0.9083421036697618	0.6089687168586578	1.0	1.0	1.0	1.0	1.0	1.0	1.0	1.0	0.31979498651591065	0.8972938225516384	0.7814240965011466	0.6851054231701692	0.6727829748467311	0.3766880256481521	0.7430489110174936	0.22277428284275438	1.0	1.0	1.0	1.0
107.12625308062212	1.0	1.0	1.0	1.0	1.0	1.0	1.0	1.0	0.34379354662630945	0.8375268103778739	0.9097596541879495	0.6082823403950098	1.0	1.0	1.0	1.0	1.0	1.0	1.0	1.0	0.3204657551067769	0.8960210838787993	0.785264281693528	0.6830017553067742	0.6727964960352025	0.3766810273533085	0.7430632083899509	0.22277362750493196	1.0	1.0	1.0	1.0
108.12625308062212	1.0	1.0	1.0	1.0	1.0	1.0	1.0	1.0	0.34376906632574056	0.8367204126976447	0.9111394716715755	0.6076182275558519	1.0	1.0	1.0	1.0	1.0	1.0	1.0	1.0	0.3211170961044794	0.894758178897641	0.7890310025866727	0.6809373791662611	0.6728090203053894	0.3766745845802264	0.7430764455321269	0.22277304003736573	1.0	1.0	1.0	1.0
109.12625308062212	1.0	1.0	1.0	1.0	1.0	1.0	1.0	1.0	0.34374496386873443	0.8359292583022223	0.9124825605165319	0.6069756666088396	1.0	1.0	1.0	1.0	1.0	1.0	1.0	1.0	0.321749562628062	0.8935052265959432	0.792725349502573	0.6789118165077861	0.6728206211601547	0.37666865323181725	0.7430887010660379	0.22277251341105248	1.0	1.0	1.0	1.0
110.12625308062212	1.0	1.0	1.0	1.0	1.0	1.0	1.0	1.0	0.3437212495049657	0.8351530700115755	0.913789898383221	0.606353967792776	1.0	1.0	1.0	1.0	1.0	1.0	1.0	1.0	0.32236369265882453	0.8922623374220277	0.7963484097718536	0.6769245829733386	0.67283136668299	0.3766631927114012	0.7431000477834369	0.22277204132494974	1.0	1.0	1.0	1.0
111.12625308062212	1.0	1.0	1.0	1.0	1.0	1.0	1.0	1.0	0.34369793163600937	0.8343915748673821	0.9150624369082135	0.605752462698898	1.0	1.0	1.0	1.0	1.0	1.0	1.0	1.0	0.3229600094089939	0.8910296135583273	0.7999012670301773	0.6749751888517298	0.6728413199375854	0.3766581656448461	0.7431105530781608	0.22277161813058444	1.0	1.0	1.0	1.0
112.12625308062212	1.0	1.0	1.0	1.0	1.0	1.0	1.0	1.0	0.3436750169886249	0.833644504132221	0.9163011023969633	0.6051705036648883	1.0	1.0	1.0	1.0	1.0	1.0	1.0	1.0	0.32353902168515075	0.8898071491891411	0.8033850005569441	0.6730631398047265	0.6728505393379403	0.3766535376247631	0.7431202793464158	0.22277123876446925	1.0	1.0	1.0	1.0
113.12625308062212	1.0	1.0	1.0	1.0	1.0	1.0	1.0	1.0	0.3436525107736032	0.8329115932828867	0.9175067964980832	0.6046074631817551	1.0	1.0	1.0	1.0	1.0	1.0	1.0	1.0	0.32410122424614013	0.888595030762565	0.80680068465445	0.671187937556722	0.6728590789911851	0.37664927697500766	0.7431292843573798	0.22277089868751843	1.0	1.0	1.0	1.0
114.12625308062212	1.0	1.0	1.0	1.0	1.0	1.0	1.0	1.0	0.3436304168313402	0.8321925819983753	0.9186803968596731	0.6040627333136822	1.0	1.0	1.0	1.0	1.0	1.0	1.0	1.0	0.32464709815523124	0.8873933372466065	0.8101493880657393	0.6693490805493028	0.6728669890151276	0.3766453545338745	0.7431376215963222	0.22277059383073802	1.0	1.0	1.0	1.0
115.12625308062212	1.0	1.0	1.0	1.0	1.0	1.0	1.0	1.0	0.3436087377652075	0.8314872141430424	0.9198227577681767	0.6035357251309038	1.0	1.0	1.0	1.0	1.0	1.0	1.0	1.0	0.3251771111263329	0.8862021403794964	0.8134321734294551	0.6675460645620348	0.6728743158323855	0.3766417434545025	0.7431453405822804	0.2227703205465406	1.0	1.0	1.0	1.0
116.12625308062212	1.0	1.0	1.0	1.0	1.0	1.0	1.0	1.0	0.34358747506370496	0.8307952377453979	0.9209347107702337	0.6030258681556228	1.0	1.0	1.0	1.0	1.0	1.0	1.0	1.0	0.3256917178641033	0.885021504914225	0.8166500967700544	0.6657783833007564	0.6728811024428334	0.3766384190211233	0.7431524871621774	0.22277007556510225	1.0	1.0	1.0	1.0
117.12625308062212	1.0	1.0	1.0	1.0	1.0	1.0	1.0	1.0	0.34356662921230197	0.8301164049729666	0.9220170652779784	0.6025326098209587	1.0	1.0	1.0	1.0	1.0	1.0	1.0	1.0	0.32619136039782387	0.8838514888573373	0.8198042070218214	0.6640455289546308	0.6728873886759617	0.3766353584798962	0.7431591037831301	0.22276985595523932	1.0	1.0	1.0	1.0
118.12625308062212	1.0	1.0	1.0	1.0	1.0	1.0	1.0	1.0	0.34354619979580153	0.8294504721036084	0.9230706091582271	0.602055414942879	1.0	1.0	1.0	1.0	1.0	1.0	1.0	1.0	0.326676468408936	0.8826921437020302	0.822895545585168	0.6623469927231733	0.6728932114246292	0.37663254088317083	0.7431652297445637	0.22276965908933707	1.0	1.0	1.0	1.0
119.12625308062212	1.0	1.0	1.0	1.0	1.0	1.0	1.0	1.0	0.3435261855919948	0.8287971994936624	0.9240961093059814	0.6015937652050424	1.0	1.0	1.0	1.0	1.0	1.0	1.0	1.0	0.32714745955216296	0.8815435146556021	0.8259251459137735	0.6606822653144394	0.6728986048615816	0.3766299469461127	0.7431709014316309	0.22276948261191046	1.0	1.0	1.0	1.0
120.12625308062212	1.0	1.0	1.0	1.0	1.0	1.0	1.0	1.0	0.3435065846573121	0.8281563515432482	0.9250943122026659	0.6011471586564574	1.0	1.0	1.0	1.0	1.0	1.0	1.0	1.0	0.32760473977016374	0.8804056408613117	0.828894033131171	0.6590508374155156	0.6729036006400052	0.37662755891470956	0.7431761525313215	0.22276932441142092	1.0	1.0	1.0	1.0
121.12625308062212	1.0	1.0	1.0	1.0	1.0	1.0	1.0	1.0	0.34348739440512027	0.8275276966590358	0.926065944459507	0.6007151092218395	1.0	1.0	1.0	1.0	1.0	1.0	1.0	1.0	0.32804870360168464	0.8792785556147076	0.831803223675438	0.6574522001364302	0.6729082280792946	0.37662536044425543	0.7431810142325461	0.22276918259501205	1.0	1.0	1.0	1.0
122.12625308062212	1.0	1.0	1.0	1.0	1.0	1.0	1.0	1.0	0.343468611677265	0.8269110072147653	0.9270117133464467	0.6002971462245305	1.0	1.0	1.0	1.0	1.0	1.0	1.0	1.0	0.3284797344831935	0.8781622865744969	0.8346537249707083	0.6558858454285595	0.6729125143371228	0.3766233364874802	0.743185515411383	0.2227690554658617	1.0	1.0	1.0	1.0
123.12625308062212	1.0	1.0	1.0	1.0	1.0	1.0	1.0	1.0	0.34345023280940695	0.8263060595097784	0.9279323073069792	0.5998928139218279	1.0	1.0	1.0	1.0	1.0	1.0	1.0	1.0	0.32889820504399797	0.877056855968024	0.8374465351242665	0.6543512664785763	0.6729164845688258	0.3766214731915599	0.7431896828025872	0.22276894150287957	1.0	1.0	1.0	1.0
124.12625308062212	1.0	1.0	1.0	1.0	1.0	1.0	1.0	1.0	0.34343225369065894	0.8257126337258022	0.9288283964592812	0.5995016710525577	1.0	1.0	1.0	1.0	1.0	1.0	1.0	1.0	0.329304477394863	0.8759622807914351	0.8401826426480384	0.6528479580789514	0.6729201620750345	0.37661975780330215	0.7431935411583823	0.22276883934250752	1.0	1.0	1.0	1.0
125.12625308062212	1.0	1.0	1.0	1.0	1.0	1.0	1.0	1.0	0.34341466981798885	0.8251305138822054	0.9297006330840045	0.599123290396711	1.0	1.0	1.0	1.0	1.0	1.0	1.0	1.0	0.32969890341015773	0.8748785730046079	0.8428630262033365	0.6513754169759873	0.6729235684384225	0.3766181785818576	0.7431971133954753	0.22276874776240474	1.0	1.0	1.0	1.0
126.12625308062212	1.0	1.0	1.0	1.0	1.0	1.0	1.0	1.0	0.3433974763458172	0.8245594877899299	0.9305496520990839	0.5987572583469558	1.0	1.0	1.0	1.0	1.0	1.0	1.0	1.0	0.3300818250035711	0.8738057397209273	0.8454886543677644	0.6499331421963327	0.6729267236503712	0.37661672471836066	0.7432004207311713	0.2227686656668225	1.0	1.0	1.0	1.0
127.12625308062212	1.0	1.0	1.0	1.0	1.0	1.0	1.0	1.0	0.343380668131203	0.8239993470042839	0.9313760715219059	0.5984031744918243	1.0	1.0	1.0	1.0	1.0	1.0	1.0	1.0	0.33045357439744805	0.872743783391992	0.8480604854232284	0.6485206353528912	0.6729296462282959	0.3766153862619492	0.7432034828093932	0.2227685920734936	1.0	1.0	1.0	1.0
128.12625308062212	1.0	1.0	1.0	1.0	1.0	1.0	1.0	1.0	0.3433642397749802	0.8234498867767663	0.932180492919176	0.5980606512103694	1.0	1.0	1.0	1.0	1.0	1.0	1.0	1.0	0.33081447438580647	0.8716927019873373	0.8505794671640464	0.6471374009310112	0.6729323533243214	0.3766141540516562	0.7432063178173569	0.22276852610187967	1.0	1.0	1.0	1.0
129.12625308062212	1.0	1.0	1.0	1.0	1.0	1.0	1.0	1.0	0.3433481856591784	0.8229109060060801	0.9329635018448105	0.5977293132780779	1.0	1.0	1.0	1.0	1.0	1.0	1.0	1.0	0.33116483859110235	0.8706524891692635	0.8530465367241833	0.6457829465558117	0.6729348608259451	0.37661301965370864	0.7432089425935945	0.22276846696263553	1.0	1.0	1.0	1.0
130.12625308062212	1.0	1.0	1.0	1.0	1.0	1.0	1.0	1.0	0.34333249998103377	0.8223822071884771	0.9337256682661724	0.597408797483822	1.0	1.0	1.0	1.0	1.0	1.0	1.0	1.0	0.33150497171481913	0.8696231344628569	0.8554626204226832	0.6444567832414679	0.6729371834492777	0.3766119753038028	0.7432113727279664	0.22276841394816477	1.0	1.0	1.0	1.0
131.12625308062212	1.0	1.0	1.0	1.0	1.0	1.0	1.0	1.0	0.3433171767838727	0.8218635963675658	0.9344675469789624	0.5970987522576284	1.0	1.0	1.0	1.0	1.0	1.0	1.0	1.0	0.331835169781962	0.8686046234212949	0.8578286336264035	0.6431584256232556	0.6729393348254101	0.37661101385396223	0.7432136226542577	0.22276836642415343	1.0	1.0	1.0	1.0
132.12625308062212	1.0	1.0	1.0	1.0	1.0	1.0	1.0	1.0	0.34330220998512706	0.8213548830837014	0.9351896780110646	0.5967988373090374	1.0	1.0	1.0	1.0	1.0	1.0	1.0	1.0	0.3321557203795441	0.8675969377865261	0.860145480629195	0.6418873921731212	0.6729413275804119	0.37661012872361393	0.7432157057359073	0.22276832382198042	1.0	1.0	1.0	1.0
133.12625308062212	1.0	1.0	1.0	1.0	1.0	1.0	1.0	1.0	0.3432875934017196	0.8208558803230688	0.9358925870156438	0.5965087232758273	1.0	1.0	1.0	1.0	1.0	1.0	1.0	1.0	0.3324669028891555	0.8666000556454169	0.8624140545467046	0.6406432053995195	0.6729431734094314	0.37660931385454804	0.7432176343453804	0.22276828563191411	1.0	1.0	1.0	1.0
134.12625308062212	1.0	1.0	1.0	1.0	1.0	1.0	1.0	1.0	0.3432733207730386	0.820366404466557	0.9365767856537788	0.5962280913828735	1.0	1.0	1.0	1.0	1.0	1.0	1.0	1.0	0.33276898871370975	0.8656139515814543	0.8646352372260105	0.6394253920322339	0.6729448831453329	0.3766085636694529	0.7432194199376542	0.2227682513970134	1.0	1.0	1.0	1.0
135.12625308062212	1.0	1.0	1.0	1.0	1.0	1.0	1.0	1.0	0.34325938578170323	0.8198862752385176	0.9372427719669097	0.5959566331109137	1.0	1.0	1.0	1.0	1.0	1.0	1.0	1.0	0.3330622414984669	0.8646385968221005	0.866809899169336	0.6382334831928674	0.6729464668222723	0.3766078730337415	0.7432210731182556	0.22276822070766034	1.0	1.0	1.0	1.0
136.12625308062212	1.0	1.0	1.0	1.0	1.0	1.0	1.0	1.0	0.34324578207230505	0.8194153156554896	0.9378910307393729	0.5956940498749889	1.0	1.0	1.0	1.0	1.0	1.0	1.0	1.0	0.33334691734643285	0.8636739593818875	0.8689388994711121	0.6370670145516677	0.6729479337345871	0.37660723722040834	0.743222603706252	0.22276819319665922	1.0	1.0	1.0	1.0
137.12625308062212	1.0	1.0	1.0	1.0	1.0	1.0	1.0	1.0	0.3432325032682961	0.8189533519749654	0.9385220338512839	0.5954400527123308	1.0	1.0	1.0	1.0	1.0	1.0	1.0	1.0	0.33362326502823847	0.8627200042013445	0.8710230857676963	0.6359255264713254	0.6729492924913419	0.3766066518776756	0.743224020792572	0.2227681685348431	1.0	1.0	1.0	1.0
138.12625308062212	1.0	1.0	1.0	1.0	1.0	1.0	1.0	1.0	0.34321954298717944	0.8185002136442677	0.939136240622029	0.5951943619794691	1.0	1.0	1.0	1.0	1.0	1.0	1.0	1.0	0.33389152618660367	0.8617766932818498	0.873063294199078	0.6348085641383607	0.672950551066855	0.3766061129992079	0.7432253327940009	0.2227681464271353	1.0	1.0	1.0	1.0
139.12625308062212	1.0	1.0	1.0	1.0	1.0	1.0	1.0	1.0	0.34320689485414707	0.8180557332495982	0.9397340981446125	0.5949567070583289	1.0	1.0	1.0	1.0	1.0	1.0	1.0	1.0	0.33415193553549116	0.8608439858164959	0.8750603493819332	0.6337156776826901	0.6729517168474969	0.3766056168966909	0.7432265475031722	0.22276812660901885	1.0	1.0	1.0	1.0
140.12625308062212	1.0	1.0	1.0	1.0	1.0	1.0	1.0	1.0	0.34319455251429637	0.8176197464653157	0.9403160416111038	0.5947268260710967	1.0	1.0	1.0	1.0	1.0	1.0	1.0	1.0	0.33440472105405783	0.8599218383170594	0.8770150643934133	0.6326464222859413	0.6729527966750408	0.3766051601745874	0.743227672134852	0.22276810884337148	1.0	1.0	1.0	1.0
141.12625308062212	1.0	1.0	1.0	1.0	1.0	1.0	1.0	1.0	0.34318250964354724	0.8171920920034919	0.940882494629423	0.594504465603629	1.0	1.0	1.0	1.0	1.0	1.0	1.0	1.0	0.33465010417551044	0.8590102047371632	0.8789282407650822	0.6316003582790661	0.6729537968868153	0.37660473970689623	0.7432287133687909	0.22276809291762864	1.0	1.0	1.0	1.0
142.12625308062212	1.0	1.0	1.0	1.0	1.0	1.0	1.0	1.0	0.3431707599583715	0.8167726115637938	0.9414338695316926	0.5942893804371854	1.0	1.0	1.0	1.0	1.0	1.0	1.0	1.0	0.33488829997097375	0.8581090365917203	0.8808006684864403	0.630577051229776	0.6729547233528974	0.3766043526157572	0.7432296773893989	0.22276807864124012	1.0	1.0	1.0	1.0
143.12625308062212	1.0	1.0	1.0	1.0	1.0	1.0	1.0	1.0	0.3431592972244367	0.8163611497837306	0.9419705676743827	0.594081333288268	1.0	1.0	1.0	1.0	1.0	1.0	1.0	1.0	0.33511951732847806	0.8572182830727455	0.8826331260174936	0.6295760720203062	0.6729555815105628	0.3766039962517533	0.743230569922477	0.22276806584339	1.0	1.0	1.0	1.0
144.12625308062212	1.0	1.0	1.0	1.0	1.0	1.0	1.0	1.0	0.34314811526425926	0.815957554189304	0.9424929797304654	0.5938800945563522	1.0	1.0	1.0	1.0	1.0	1.0	1.0	1.0	0.33534395912717435	0.8563378911616214	0.8844263803098544	0.6285969969159951	0.6729563763961962	0.3766036681757772	0.7432313962692263	0.22276805437095304	1.0	1.0	1.0	1.0
145.12625308062212	1.0	1.0	1.0	1.0	1.0	1.0	1.0	1.0	0.34313720796395225	0.8155616751460939	0.9430014859737941	0.5936854420792982	1.0	1.0	1.0	1.0	1.0	1.0	1.0	1.0	0.3355618224068831	0.8554678057379037	0.886181186835881	0.6276394076251454	0.6729571126748497	0.3766033661423369	0.7432321613377337	0.2227680440866624	1.0	1.0	1.0	1.0
146.12625308062212	1.0	1.0	1.0	1.0	1.0	1.0	1.0	1.0	0.34312656927914886	0.8151733658108083	0.9434964565559112	0.5934971608962356	1.0	1.0	1.0	1.0	1.0	1.0	1.0	1.0	0.3357732985330835	0.8546079696847504	0.887898289625379	0.6267028913506146	0.6729577946676204	0.3766030880841867	0.7432328696721243	0.22276803486746738	1.0	1.0	1.0	1.0
147.12625308062212	1.0	1.0	1.0	1.0	1.0	1.0	1.0	1.0	0.3431161932401732	0.8147924820833249	0.9439782517754896	0.5933150430177152	1.0	1.0	1.0	1.0	1.0	1.0	1.0	1.0	0.33597857335744835	0.8537583239910557	0.8895784213094172	0.6257870408335666	0.6729584263770108	0.37660283209817785	0.7432335254795508	0.22276802660306103	1.0	1.0	1.0	1.0
148.12625308062212	1.0	1.0	1.0	1.0	1.0	1.0	1.0	1.0	0.34310607395652565	0.8144188825592449	0.9444472223406004	0.5931388872029298	1.0	1.0	1.0	1.0	1.0	1.0	1.0	1.0	0.33617782737402874	0.852918807850372	0.8912223031708224	0.6248914543897947	0.6729590115104183	0.376602596432233	0.7432341326551819	0.22276801919456038	1.0	1.0	1.0	1.0
149.12625308062212	1.0	1.0	1.0	1.0	1.0	1.0	1.0	1.0	0.34309620562074505	0.8140524284829812	0.9449037096240004	0.592968498743805	1.0	1.0	1.0	1.0	1.0	1.0	1.0	1.0	0.33637123587119216	0.8520893587566994	0.8928306452009394	0.6240157359390145	0.6729595535018938	0.3766023794733537	0.7432346948053377	0.2227680125533233	1.0	1.0	1.0	1.0
150.12625308062212	1.0	1.0	1.0	1.0	1.0	1.0	1.0	1.0	0.3430865825117029	0.8136929837013972	0.9453480459116238	0.5928036892557678	1.0	1.0	1.0	1.0	1.0	1.0	1.0	1.0	0.3365589690794157	0.8512699125972207	0.8944041461622618	0.6231594950275049	0.6729600555322955	0.3766021797365809	0.7432352152689095	0.2227680065998879	1.0	1.0	1.0	1.0
151.12625308062212	1.0	1.0	1.0	1.0	1.0	1.0	1.0	1.0	0.343077198997382	0.8133404146180113	0.9457805546444596	0.5926442764750044	1.0	1.0	1.0	1.0	1.0	1.0	1.0	1.0	0.33674119231503524	0.8504604037420604	0.8959434936565541	0.6223223468444612	0.6729605205479564	0.3766019958548308	0.7432356971371911	0.22276800126302182	1.0	1.0	1.0	1.0
152.12625308062212	1.0	1.0	1.0	1.0	1.0	1.0	1.0	1.0	0.3430680495371873	0.8129945901477811	0.9462015506539908	0.5924900840620217	1.0	1.0	1.0	1.0	1.0	1.0	1.0	1.0	0.33691806612005004	0.8496607651311434	0.8974493641981037	0.62150391223241	0.6729609512779762	0.3766018265695383	0.7432361432722395	0.22276799647886988	1.0	1.0	1.0	1.0
153.12625308062212	1.0	1.0	1.0	1.0	1.0	1.0	1.0	1.0	0.34305912868383154	0.812655381672476	0.9466113403913657	0.5923409414113306	1.0	1.0	1.0	1.0	1.0	1.0	1.0	1.0	0.3370897463980798	0.8488709283582282	0.8989224232917578	0.6207038176920193	0.6729613502502378	0.37660167072204254	0.7432365563238742	0.22276799219019006	1.0	1.0	1.0	1.0
154.12625308062212	1.0	1.0	1.0	1.0	1.0	1.0	1.0	1.0	0.3430504310848366	0.81232266299665	0.9470102221504705	0.5921966834670759	1.0	1.0	1.0	1.0	1.0	1.0	1.0	1.0	0.33725638454657114	0.8480908237521879	0.9003633255154146	0.6199216953816246	0.6729617198062434	0.3766015272456568	0.7432369387454157	0.22276798834566863	1.0	1.0	1.0	1.0
155.12625308062212	1.0	1.0	1.0	1.0	1.0	1.0	1.0	1.0	0.3430419514836865	0.8119963103042201	0.9473984862850625	0.5920571505444377	1.0	1.0	1.0	1.0	1.0	1.0	1.0	1.0	0.3374181275853476	0.847320380455611	0.901772714606655	0.6191571831117764	0.6729620621148558	0.3766013951583675	0.7432372928082571	0.2227679848993062	1.0	1.0	1.0	1.0
156.12625308062212	1.0	1.0	1.0	1.0	1.0	1.0	1.0	1.0	0.3430336847206654	0.8116762021156567	0.9477764154201246	0.5919221881566378	1.0	1.0	1.0	1.0	1.0	1.0	1.0	1.0	0.33757511828159625	0.8465595265007917	0.9031512235532114	0.6184099243351039	0.6729623791850273	0.3766012735561128	0.7432376206153549	0.2227679818098673	1.0	1.0	1.0	1.0
157.12625308062212	1.0	1.0	1.0	1.0	1.0	1.0	1.0	1.0	0.3430256257334126	0.8113622192457904	0.9481442846575933	0.591791646847383	1.0	1.0	1.0	1.0	1.0	1.0	1.0	1.0	0.337727495271382	0.845808188883181	0.9044994746869899	0.6176795681317746	0.6729626728775904	0.3766011616065949	0.7432379241137196	0.22276797904038706	1.0	1.0	1.0	1.0
158.12625308062212	1.0	1.0	1.0	1.0	1.0	1.0	1.0	1.0	0.3430177695572207	0.8110542447622392	0.9485023617766108	0.5916653820285874	1.0	1.0	1.0	1.0	1.0	1.0	1.0	1.0	0.33787539317777915	0.8450662936323633	0.9058180797813689	0.6169657691908181	0.6729629449161777	0.37660105854358367	0.7432382051059798	0.22276797655772884	1.0	1.0	1.0	1.0
159.12625308062212	1.0	1.0	1.0	1.0	1.0	1.0	1.0	1.0	0.3430101113251042	0.8107521639444568	0.9488509074284469	0.5915432538232157	1.0	1.0	1.0	1.0	1.0	1.0	1.0	1.0	0.3380189427257078	0.8443337658806278	0.9071076401515151	0.6162681877875716	0.6729631968973387	0.3766009636616718	0.7432384652610895	0.22276797433218787	1.0	1.0	1.0	1.0
160.12625308062212	1.0	1.0	1.0	1.0	1.0	1.0	1.0	1.0	0.3430026462676621	0.8104558642434038	0.9491901753262314	0.5914251269130928	1.0	1.0	1.0	1.0	1.0	1.0	1.0	1.0	0.33815827085356137	0.8436105299291974	0.9083687467574675	0.6155864897574924	0.672963430299909	0.37660087631144695	0.74323870612424	0.22276797233713572	1.0	1.0	1.0	1.0
161.12625308062212	1.0	1.0	1.0	1.0	1.0	1.0	1.0	1.0	0.3429953697127542	0.8101652352418413	0.9495204124296375	0.591310870391534	1.0	1.0	1.0	1.0	1.0	1.0	1.0	1.0	0.3382935008217087	0.8428965093121799	0.9096019803097503	0.6149203464665709	0.6729636464936896	0.376600795895047	0.7432389291260383	0.22276797054870173	1.0	1.0	1.0	1.0
162.12625308062212	1.0	1.0	1.0	1.0	1.0	1.0	1.0	1.0	0.34298827708501384	0.809880168615247	0.9498418591246481	0.5912003576206474	1.0	1.0	1.0	1.0	1.0	1.0	1.0	1.0	0.33842475231795444	0.8421916268583032	0.910807911377292	0.6142694347785698	0.6729638467474857	0.3766007218620678	0.7432391355910036	0.22276796894548745	1.0	1.0	1.0	1.0
163.12625308062212	1.0	1.0	1.0	1.0	1.0	1.0	1.0	1.0	0.3429813639052122	0.809600558093351	0.950154749398538	0.5910934660931689	1.0	1.0	1.0	1.0	1.0	1.0	1.0	1.0	0.33855214156003666	0.8414958047504958	0.9119871004974325	0.6136334370193015	0.6729640322365538	0.37660065370579593	0.7432393267454349	0.22276796750831054	1.0	1.0	1.0	1.0
164.12625308062212	1.0	1.0	1.0	1.0	1.0	1.0	1.0	1.0	0.3429746257894925	0.8093262994222882	0.9504593110101969	0.5909900772986921	1.0	1.0	1.0	1.0	1.0	1.0	1.0	1.0	0.3386757813952422	0.8408089645833712	0.913140098287814	0.6130120409381499	0.6729642040494983	0.37660059095974086	0.7432395037246939	0.22276796621997527	1.0	1.0	1.0	1.0
165.12625308062212	1.0	1.0	1.0	1.0	1.0	1.0	1.0	1.0	0.34296805844848816	0.8090572903273675	0.9507557656559201	0.5908900765941578	1.0	1.0	1.0	1.0	1.0	1.0	1.0	1.0	0.3387957813972157	0.8401310274186753	0.9142674455599621	0.6124049396670291	0.672964363194661	0.37660053319444176	0.7432396675799493	0.22276796506506683	1.0	1.0	1.0	1.0
166.12625308062212	1.0	1.0	1.0	1.0	1.0	1.0	1.0	1.0	0.3429616576863393	0.8087934304764505	0.9510443291307855	0.5907933530784744	1.0	1.0	1.0	1.0	1.0	1.0	1.0	1.0	0.3389122479600384	0.8394619138387529	0.9153696734343706	0.6118118316769675	0.6729645106060385	0.37660048001452834	0.7432398192844193	0.2227679640297668	1.0	1.0	1.0	1.0
167.12625308062212	1.0	1.0	1.0	1.0	1.0	1.0	1.0	1.0	0.3429554193996197	0.8085346214439366	0.9513252114857348	0.5906997994711414	1.0	1.0	1.0	1.0	1.0	1.0	1.0	1.0	0.33902528438964935	0.8388015439980895	0.916447303456913	0.611232420732492	0.6729646471487635	0.37660043105601454	0.7432399597391528	0.22276796310168798	1.0	1.0	1.0	1.0
168.12625308062212	1.0	1.0	1.0	1.0	1.0	1.0	1.0	1.0	0.34294933957618556	0.8082807666753521	0.9515986171804738	0.5906093119947533	1.0	1.0	1.0	1.0	1.0	1.0	1.0	1.0	0.3391349909926825	0.8381498376729818	0.9175008477164152	0.6106664158439826	0.6729647736241826	0.3766003859838074	0.7432400897783807	0.2227679622697259	1.0	1.0	1.0	1.0
169.12625308062212	1.0	1.0	1.0	1.0	1.0	1.0	1.0	1.0	0.34294341429395664	0.8080317714525344	0.9518647452323026	0.5905217902612644	1.0	1.0	1.0	1.0	1.0	1.0	1.0	1.0	0.3392414651627882	0.8375067143093908	0.9185308089632283	0.6101135312181588	0.6729648907745592	0.3766003444894135	0.7432402101744713	0.2227679615239262	1.0	1.0	1.0	1.0
170.12625308062212	1.0	1.0	1.0	1.0	1.0	1.0	1.0	1.0	0.3429376397196393	0.8077875428594088	0.9521237893609839	0.5904371371618964	1.0	1.0	1.0	1.0	1.0	1.0	1.0	1.0	0.33934480146450857	0.8368720930690285	0.9195376807286528	0.6095734862068488	0.6729649992874294	0.37660030628882746	0.7432403216425171	0.22276796085536546	1.0	1.0	1.0	1.0
171.12625308062212	1.0	1.0	1.0	1.0	1.0	1.0	1.0	1.0	0.3429320121074	0.8075479897483514	0.9523759381297556	0.5903552587605781	1.0	1.0	1.0	1.0	1.0	1.0	1.0	1.0	0.33944509171477333	0.8362458928737291	0.920521947445069	0.6090460052541897	0.6729650997996371	0.37660027112058825	0.7432404248445827	0.22276796025604442	1.0	1.0	1.0	1.0
172.12625308062212	1.0	1.0	1.0	1.0	1.0	1.0	1.0	1.0	0.3429265277974967	0.8073130227071307	0.9526213750825898	0.590276064190806	1.0	1.0	1.0	1.0	1.0	1.0	1.0	1.0	0.3395424250620813	0.8356280324481532	0.9214840845666382	0.6085308178423963	0.672965192901072	0.37660023874398935	0.743240520393637	0.22276795971879226	1.0	1.0	1.0	1.0
173.12625308062212	1.0	1.0	1.0	1.0	1.0	1.0	1.0	1.0	0.3429211832148762	0.8070825540264236	0.9528602788777976	0.5901994655558185	1.0	1.0	1.0	1.0	1.0	1.0	1.0	1.0	0.3396368880634313	0.835018430360875	0.9224245586904479	0.6080276584362307	0.6729652791381308	0.3766002089374315	0.7432406088571935	0.22276795923718076	1.0	1.0	1.0	1.0
174.12625308062212	1.0	1.0	1.0	1.0	1.0	1.0	1.0	1.0	0.3429159748677422	0.8068564976678978	0.953092823418078	0.5901253778319814	1.0	1.0	1.0	1.0	1.0	1.0	1.0	1.0	0.3397285647590638	0.8344170050638968	0.9233438276779771	0.6075362664262984	0.6729653590169244	0.376600181496906	0.7432406907606814	0.2227679588054475	1.0	1.0	1.0	1.0
175.12625308062212	1.0	1.0	1.0	1.0	1.0	1.0	1.0	1.0	0.3429108993461024	0.8066347692328539	0.9533191779771055	0.5900537187752836	1.0	1.0	1.0	1.0	1.0	1.0	1.0	1.0	0.3398175367450751	0.833823674930639	0.9242423407767669	0.6070563860712894	0.6729654330062483	0.3766001562345981	0.7432407665905669	0.22276795841842684	1.0	1.0	1.0	1.0
176.12625308062212	1.0	1.0	1.0	1.0	1.0	1.0	1.0	1.0	0.34290595332029694	0.8064172859314214	0.9535395073227473	0.5899844088308451	1.0	1.0	1.0	1.0	1.0	1.0	1.0	1.0	0.3399038832439611	0.8332383582924483	0.9251205387421888	0.6065877664392781	0.6729655015403336	0.37660013297760175	0.7432408367972415	0.22276795807148808	1.0	1.0	1.0	1.0
177.12625308062212	1.0	1.0	1.0	1.0	1.0	1.0	1.0	1.0	0.3429011335395155	0.8062039665522995	0.9537539718370008	0.5899173710453427	1.0	1.0	1.0	1.0	1.0	1.0	1.0	1.0	0.3399876811731501	0.832660973473669	0.9259788539592062	0.6061301613481898	0.6729655650213955	0.37660011156673623	0.7432409017976978	0.22276795776048014	1.0	1.0	1.0	1.0
178.12625308062212	1.0	1.0	1.0	1.0	1.0	1.0	1.0	1.0	0.34289643683030613	0.8059947314330385	0.9539627276327395	0.5898525309822613	1.0	1.0	1.0	1.0	1.0	1.0	1.0	1.0	0.3400690052115787	0.8320914388253192	0.9268177105640323	0.6056833293055341	0.6729656238219937	0.3766000918554564	0.7432409619780059	0.22276795748168182	1.0	1.0	1.0	1.0
179.12625308062212	1.0	1.0	1.0	1.0	1.0	1.0	1.0	1.0	0.3428918600950795	0.8057895024308502	0.9541659266673498	0.589789816639882	1.0	1.0	1.0	1.0	1.0	1.0	1.0	1.0	0.34014792786436654	0.8315296727574136	0.9276375245655938	0.6052470334475046	0.6729656782872191	0.3766000737088498	0.743241017695607	0.22276795723175735	1.0	1.0	1.0	1.0
180.12625308062212	1.0	1.0	1.0	1.0	1.0	1.0	1.0	1.0	0.3428874003106129	0.8055882028939447	0.9543637168533441	0.5897291583719199	1.0	1.0	1.0	1.0	1.0	1.0	1.0	1.0	0.34022451952564237	0.8309755937699728	0.9284387039667126	0.6048210414775329	0.6729657287367192	0.3766000570027134	0.7432410692814357	0.22276795700771637	1.0	1.0	1.0	1.0
181.12625308062212	1.0	1.0	1.0	1.0	1.0	1.0	1.0	1.0	0.3428830545265564	0.8053907576333823	0.9545562421660293	0.5896704888107285	1.0	1.0	1.0	1.0	1.0	1.0	1.0	1.0	0.3402988485395732	0.8304291204827586	0.9292216488849245	0.6044051256043866	0.6729657754665738	0.37660004162270316	0.7432411170418863	0.22276795680687825	1.0	1.0	1.0	1.0
182.12625308062212	1.0	1.0	1.0	1.0	1.0	1.0	1.0	1.0	0.3428788198639443	0.8051970928954351	0.9547436427483089	0.5896137427929878	1.0	1.0	1.0	1.0	1.0	1.0	1.0	1.0	0.340370981259647	0.8298901716637745	0.9299867516728599	0.6039990624798921	0.6729658187510325	0.3766000274635518	0.7432411612606319	0.22276795662683999	1.0	1.0	1.0	1.0
183.12625308062212	1.0	1.0	1.0	1.0	1.0	1.0	1.0	1.0	0.3428746935137144	0.8050071363344499	0.954926055012696	0.589558857287799	1.0	1.0	1.0	1.0	1.0	1.0	1.0	1.0	0.3404409821062576	0.8293586662565668	0.9307343970381119	0.6036026331363592	0.6729658588441246	0.37660001442834806	0.7432412022003096	0.22276795646544745	1.0	1.0	1.0	1.0
184.12625308062212	1.0	1.0	1.0	1.0	1.0	1.0	1.0	1.0	0.342870672735237	0.8048208169862053	0.9551036117406105	0.5895057713271072	1.0	1.0	1.0	1.0	1.0	1.0	1.0	1.0	0.34050891362263996	0.8288345234063644	0.9314649621625269	0.6032156229237821	0.67296589598115	0.37660000242787345	0.7432412401040809	0.22276795632076957	1.0	1.0	1.0	1.0
185.12625308062212	1.0	1.0	1.0	1.0	1.0	1.0	1.0	1.0	0.34286675485485596	0.8046380652417553	0.9552764421790332	0.5894544259383805	1.0	1.0	1.0	1.0	1.0	1.0	1.0	1.0	0.34057483652920156	0.8283176624850921	0.9321788168208536	0.6028378214468848	0.6729659303800596	0.37659999137999156	0.7432412751970752	0.2227679561910753	1.0	1.0	1.0	1.0
186.12625308062212	1.0	1.0	1.0	1.0	1.0	1.0	1.0	1.0	0.3428629372644434	0.8044588128217511	0.9554446721345872	0.5894047640794704	1.0	1.0	1.0	1.0	1.0	1.0	1.0	1.0	0.3406388097762957	0.8278080031152917	0.9328763234986902	0.6024690225020773	0.6729659622427349	0.376599981209086	0.7432413076877272	0.22276795607481287	1.0	1.0	1.0	1.0
187.12625308062212	1.0	1.0	1.0	1.0	1.0	1.0	1.0	1.0	0.34285921741996955	0.8042829927512353	0.9556084240651151	0.5893567305755867	1.0	1.0	1.0	1.0	1.0	1.0	1.0	1.0	0.34070089059548003	0.8273054651929852	0.9335578375096769	0.6021090240143827	0.6729659917561726	0.3765999718455427	0.7432413377690154	0.22276795597059118	1.0	1.0	1.0	1.0
188.12625308062212	1.0	1.0	1.0	1.0	1.0	1.0	1.0	1.0	0.34285559284008943	0.8041105393348988	0.9557678171688185	0.5893102720583173	1.0	1.0	1.0	1.0	1.0	1.0	1.0	1.0	0.340761134549304	0.8268099689095116	0.9342237071118792	0.6017576279743946	0.6729660190935822	0.3765999632252736	0.7432413656196074	0.22276795587716325	1.0	1.0	1.0	1.0
189.12625308062212	1.0	1.0	1.0	1.0	1.0	1.0	1.0	1.0	0.34285206110474686	0.803941388132795	0.9559229674710243	0.5892653369066289	1.0	1.0	1.0	1.0	1.0	1.0	1.0	1.0	0.34081959557966546	0.8263214347723705	0.9348742736233165	0.6014146403753186	0.6729660444154025	0.376599955289278	0.743241391404922	0.22276795579341122	1.0	1.0	1.0	1.0
190.12625308062212	1.0	1.0	1.0	1.0	1.0	1.0	1.0	1.0	0.3428486198537974	0.803775475936502	0.9560739879086422	0.5892218751897829	1.0	1.0	1.0	1.0	1.0	1.0	1.0	1.0	0.3408763260547781	0.8258397836251025	0.9355098715365899	0.6010798711501495	0.672966067870243	0.37659994798323837	0.743241415278111	0.22276795571833297	1.0	1.0	1.0	1.0
191.12625308062212	1.0	1.0	1.0	1.0	1.0	1.0	1.0	1.0	0.34284526678565114	0.8036127407457269	0.9562209884123734	0.5891798386121084	1.0	1.0	1.0	1.0	1.0	1.0	1.0	1.0	0.3409313768147886	0.825364936666237	0.9361308286325681	0.6007531341090319	0.6729660895957563	0.3765999412571492	0.7432414373809694	0.22276795565103025	1.0	1.0	1.0	1.0
192.12625308062212	1.0	1.0	1.0	1.0	1.0	1.0	1.0	1.0	0.3428419996559356	0.8034531217453437	0.9563640759867312	0.5891391804595696	1.0	1.0	1.0	1.0	1.0	1.0	1.0	1.0	0.3409847972160816	0.8248968154673375	0.9367374660930928	0.6004342468768493	0.6729661097194458	0.3765999350649742	0.7432414578447769	0.22276795559069773	1.0	1.0	1.0	1.0
193.12625308062212	1.0	1.0	1.0	1.0	1.0	1.0	1.0	1.0	0.34283881627617974	0.8032965592828587	0.9565033547879322	0.5890998555480709	1.0	1.0	1.0	1.0	1.0	1.0	1.0	1.0	0.3410366351743101	0.824435341990171	0.9373300986126689	0.6001230308310853	0.672966128359414	0.3765999293643315	0.7432414767910784	0.22276795553661358	1.0	1.0	1.0	1.0
194.12625308062212	1.0	1.0	1.0	1.0	1.0	1.0	1.0	1.0	0.34283571451251943	0.803142994846295	0.9566389261997131	0.5890618201734451	1.0	1.0	1.0	1.0	1.0	1.0	1.0	1.0	0.341086937206187	0.8239804386030317	0.9379090345091055	0.599819311039994	0.672966145625056	0.37659992411620347	0.7432414943324056	0.22276795548813066	1.0	1.0	1.0	1.0
195.12625308062212	1.0	1.0	1.0	1.0	1.0	1.0	1.0	1.0	0.34283269228442503	0.8029923710424895	0.95677088890713	0.5890250320630683	1.0	1.0	1.0	1.0	1.0	1.0	1.0	1.0	0.34113574847007366	0.8235320280962445	0.9384745758330791	0.5995229162011193	0.6729661616177008	0.3765999192846697	0.743241510572945	0.2227679554446689	1.0	1.0	1.0	1.0
196.12625308062212	1.0	1.0	1.0	1.0	1.0	1.0	1.0	1.0	0.3428297475634512	0.8028446315757954	0.9568993389683932	0.588989450329051	1.0	1.0	1.0	1.0	1.0	1.0	1.0	1.0	0.34118311280539915	0.8230900336968748	0.939027018476591	0.5992336785801958	0.6729661764312067	0.37659991483666105	0.7432415256091573	0.22276795540570826	1.0	1.0	1.0	1.0
197.12625308062212	1.0	1.0	1.0	1.0	1.0	1.0	1.0	1.0	0.34282687837200904	0.802699721227183	0.9570243698847898	0.5889550354229529	1.0	1.0	1.0	1.0	1.0	1.0	1.0	1.0	0.3412290727709437	0.8226543790826717	0.9395666522802928	0.598951433950464	0.6729661901525116	0.3765999107417335	0.7432415395303503	0.22276795537078262	1.0	1.0	1.0	1.0
198.12625308062212	1.0	1.0	1.0	1.0	1.0	1.0	1.0	1.0	0.3428240827821613	0.802557585833732	0.9571460726687453	0.5889217490919737	1.0	1.0	1.0	1.0	1.0	1.0	1.0	1.0	0.3412736696820187	0.8222249883952666	0.9400937611396595	0.5986760215324292	0.6729662028621436	0.37659990697185963	0.7432415524192089	0.22276795533947402	1.0	1.0	1.0	1.0
199.12625308062212	1.0	1.0	1.0	1.0	1.0	1.0	1.0	1.0	0.34282135891444027	0.8024181722685086	0.957264535910073	0.5888895543365714	1.0	1.0	1.0	1.0	1.0	1.0	1.0	1.0	0.34131694364657456	0.821801786252655	0.9406086231099876	0.5984072839340925	0.6729662146346935	0.3765999035012368	0.7432415643522863	0.22276795531140792	1.0	1.0	1.0	1.0
200.12625308062212	1.0	1.0	1.0	1.0	1.0	1.0	1.0	1.0	0.3428187049366885	0.8022814284208198	0.9573798458404604	0.5888584153694625	1.0	1.0	1.0	1.0	1.0	1.0	1.0	1.0	0.3413589336002674	0.8213846977609819	0.941111510510201	0.5981450670916796	0.6729662255392524	0.37659990030611057	0.7432415754004592	0.2227679552862485	1.0	1.0	1.0	1.0
201.12625308062212	1.0	1.0	1.0	1.0	1.0	1.0	1.0	1.0	0.3428161190629224	0.8021473031768396	0.9574920863962391	0.588828297575958	1.0	1.0	1.0	1.0	1.0	1.0	1.0	1.0	0.341399677340514	0.8209736485256562	0.9416026900254475	0.59788922021089	0.6729662356398173	0.37659989736461214	0.7432415856293482	0.2227679552636947	1.0	1.0	1.0	1.0
202.12625308062212	1.0	1.0	1.0	1.0	1.0	1.0	1.0	1.0	0.3428135995522192	0.8020157464005991	0.957601339279483	0.5887991674755945	1.0	1.0	1.0	1.0	1.0	1.0	1.0	1.0	0.34143921155956375	0.8205685646618147	0.9420824228084715	0.5976395957086895	0.6729662449956667	0.37659989465660865	0.7432415950997077	0.2227679552434767	1.0	1.0	1.0	1.0
203.12625308062212	1.0	1.0	1.0	1.0	1.0	1.0	1.0	1.0	0.3428111447076257	0.8018867089153353	0.9577076840174819	0.5887709926850156	1.0	1.0	1.0	1.0	1.0	1.0	1.0	1.0	0.3414775718766161	0.8201693728041577	0.9425509645797511	0.597396049155666	0.6729662536617086	0.3765998921635654	0.7432416038677869	0.2227679552253526	1.0	1.0	1.0	1.0
204.12625308062212	1.0	1.0	1.0	1.0	1.0	1.0	1.0	1.0	0.34280875287509077	0.8017601424851909	0.9578111980206299	0.588743741882066	1.0	1.0	1.0	1.0	1.0	1.0	1.0	1.0	0.34151479286901065	0.8197760001161788	0.9430085657263862	0.5971584392189663	0.6729662616888026	0.37659988986841886	0.7432416119856641	0.22276795520910553	1.0	1.0	1.0	1.0
205.12625308062212	1.0	1.0	1.0	1.0	1.0	1.0	1.0	1.0	0.3428064224424197	0.8016359997972597	0.9579119566387746	0.5887173847710557	1.0	1.0	1.0	1.0	1.0	1.0	1.0	1.0	0.34155090810251637	0.8193883742988068	0.9434554713997315	0.5969266276058308	0.6729662691240583	0.3765998877554601	0.7432416195015551	0.2227679551945411	1.0	1.0	1.0	1.0
206.12625308062212	1.0	1.0	1.0	1.0	1.0	1.0	1.0	1.0	0.34280415183825097	0.8015142344439714	0.9580100332160655	0.5886918920491597	1.0	1.0	1.0	1.0	1.0	1.0	1.0	1.0	0.34158595016074567	0.819006423598482	0.9438919216117628	0.5967004790077429	0.672966276011112	0.37659988581022713	0.7432416264601007	0.222767955181485	1.0	1.0	1.0	1.0
207.12625308062212	1.0	1.0	1.0	1.0	1.0	1.0	1.0	1.0	0.3428019395310552	0.8013948009058087	0.9581054991443424	0.5886672353739142	1.0	1.0	1.0	1.0	1.0	1.0	1.0	1.0	0.3416199506737185	0.8186300768146842	0.9443181513301732	0.596479861045204	0.6729662823903827	0.376599884019406	0.7432416329026311	0.22276795516978107	1.0	1.0	1.0	1.0
208.12625308062212	1.0	1.0	1.0	1.0	1.0	1.0	1.0	1.0	0.342799784028156	0.8012776545343517	0.9581984239151035	0.5886433873317738	1.0	1.0	1.0	1.0	1.0	1.0	1.0	1.0	0.341652940345601	0.8182592633069339	0.9447343905721918	0.5962646442131494	0.6729662882993093	0.37659988237073944	0.7432416388674118	0.22276795515928927	1.0	1.0	1.0	1.0
209.12625308062212	1.0	1.0	1.0	1.0	1.0	1.0	1.0	1.0	0.3427976838747723	0.8011627515356434	0.9582888751700888	0.588620321407697	1.0	1.0	1.0	1.0	1.0	1.0	1.0	1.0	0.3416849489816421	0.8178939130012809	0.9451408644971235	0.5960547018270143	0.6729662937725702	0.3765998808529434	0.7432416443898706	0.22276795514988407	1.0	1.0	1.0	1.0
210.12625308062212	1.0	1.0	1.0	1.0	1.0	1.0	1.0	1.0	0.3427956376530823	0.8010500489538694	0.9583769187505187	0.588598011955724	1.0	1.0	1.0	1.0	1.0	1.0	1.0	1.0	0.3417160055143309	0.8175339563963031	0.9455377934976048	0.5958499099694609	0.6729662988422872	0.37659987945562934	0.7432416495028081	0.22276795514145292	1.0	1.0	1.0	1.0
211.12625308062212	1.0	1.0	1.0	1.0	1.0	1.0	1.0	1.0	0.34279364398130807	0.8009395046553482	0.9584626187450203	0.5885764341705166	1.0	1.0	1.0	1.0	1.0	1.0	1.0	1.0	0.341746138028798	0.8171793245686281	0.9459253932895758	0.5956501474377748	0.6729663035382135	0.3765998781692335	0.7432416542365927	0.22276795513389494	1.0	1.0	1.0	1.0
212.12625308062212	1.0	1.0	1.0	1.0	1.0	1.0	1.0	1.0	0.3427917015128213	0.800831077312824	0.9585460375362793	0.5885555640598282	1.0	1.0	1.0	1.0	1.0	1.0	1.0	1.0	0.34177537378748135	0.8168299491779973	0.9463038750009686	0.5954552956919381	0.6729663078879089	0.3765998769849513	0.7432416586193407	0.22276795512711972	1.0	1.0	1.0	1.0
213.12625308062212	1.0	1.0	1.0	1.0	1.0	1.0	1.0	1.0	0.3427898089352691	0.8007247263900578	0.9586272358464495	0.5885353784178733	1.0	1.0	1.0	1.0	1.0	1.0	1.0	1.0	0.34180373925407886	0.8164857624718881	0.9466734452591105	0.5952652388033863	0.6729663119169008	0.3765998758946769	0.7432416626770832	0.22276795512104616	1.0	1.0	1.0	1.0
214.12625308062212	1.0	1.0	1.0	1.0	1.0	1.0	1.0	1.0	0.34278796496972047	0.8006204121267113	0.9587062727813531	0.5885158547995678	1.0	1.0	1.0	1.0	1.0	1.0	1.0	1.0	0.3418312601168074	0.8161466972897087	0.9470343062768468	0.5950798634044542	0.6729663156488349	0.37659987489094804	0.7432416664339215	0.22276795511560163	1.0	1.0	1.0	1.0
215.12625308062212	1.0	1.0	1.0	1.0	1.0	1.0	1.0	1.0	0.3427861683698317	0.8005180955235179	0.9587832058735059	0.5884969714956119	1.0	1.0	1.0	1.0	1.0	1.0	1.0	1.0	0.3418579613109886	0.8158126870665832	0.947386655937384	0.5948990586385153	0.6729663191056132	0.37659987396689476	0.7432416699121691	0.22276795511072095	1.0	1.0	1.0	1.0
216.12625308062212	1.0	1.0	1.0	1.0	1.0	1.0	1.0	1.0	0.3427844179210323	0.800417738327735	0.9588580911239953	0.5884787075083866	1.0	1.0	1.0	1.0	1.0	1.0	1.0	1.0	0.3418838670409805	0.8154836658367397	0.9477306878778566	0.5947227161108193	0.672966322307523	0.3765998731161924	0.7432416731324852	0.22276795510634573	1.0	1.0	1.0	1.0
217.12625308062212	1.0	1.0	1.0	1.0	1.0	1.0	1.0	1.0	0.34278271243972896	0.800319303018873	0.9589309830432456	0.5884610425286401	1.0	1.0	1.0	1.0	1.0	1.0	1.0	1.0	0.34190900080147435	0.8151595682365174	0.9480665915716238	0.5945507298400284	0.6729663252733556	0.3765998723330185	0.7432416761139968	0.22276795510242364	1.0	1.0	1.0	1.0
218.12625308062212	1.0	1.0	1.0	1.0	1.0	1.0	1.0	1.0	0.34278105077252913	0.8002227527946962	0.9590019346906965	0.5884439569129353	1.0	1.0	1.0	1.0	1.0	1.0	1.0	1.0	0.34193338539817414	0.8148403295070057	0.948394552409299	0.5943829962104578	0.6729663280205173	0.37659987161201264	0.7432416788744126	0.22276795509890776	1.0	1.0	1.0	1.0
219.12625308062212	1.0	1.0	1.0	1.0	1.0	1.0	1.0	1.0	0.3427794317954825	0.8001280515574897	0.9590709977134261	0.588427431661836	1.0	1.0	1.0	1.0	1.0	1.0	1.0	1.0	0.3419570429678773	0.8145258854963298	0.9487147517785208	0.5942194139250175	0.6729663305651304	0.3765998709482399	0.7432416814301281	0.22276795509575598	1.0	1.0	1.0	1.0
220.12625308062212	1.0	1.0	1.0	1.0	1.0	1.0	1.0	1.0	0.3427778544133407	0.8000351639005872	0.959138222383746	0.5884114483988063	1.0	1.0	1.0	1.0	1.0	1.0	1.0	1.0	0.3419799949979733	0.8142161726615954	0.9490273671424683	0.594059883958861	0.672966332922129	0.37659987033715714	0.743241683796323	0.22276795509293063	1.0	1.0	1.0	1.0
221.12625308062212	1.0	1.0	1.0	1.0	1.0	1.0	1.0	1.0	0.3427763175588348	0.799944055095156	0.9592036576357958	0.5883959893498008	1.0	1.0	1.0	1.0	1.0	1.0	1.0	1.0	0.3420022623453771	0.8139111280705059	0.9493325721171311	0.5939043095137356	0.672966335105346	0.3765998697745819	0.7432416859870513	0.22276795509039787	1.0	1.0	1.0	1.0
222.12625308062212	1.0	1.0	1.0	1.0	1.0	1.0	1.0	1.0	0.3427748201919701	0.7998546910772335	0.9592673511011627	0.5883810373235216	1.0	1.0	1.0	1.0	1.0	1.0	1.0	1.0	0.3420238652549138	0.8136106894026639	0.9496305365473411	0.593752595973038	0.6729663371275942	0.3765998692566636	0.7432416880153249	0.2227679550881274	1.0	1.0	1.0	1.0
223.12625308062212	1.0	1.0	1.0	1.0	1.0	1.0	1.0	1.0	0.3427733612993377	0.7997670384350106	0.9593293491435535	0.5883665756923236	1.0	1.0	1.0	1.0	1.0	1.0	1.0	1.0	0.34204482337717024	0.8133147949505698	0.9499214265815729	0.593604650857571	0.6729663390007419	0.3765998687798575	0.7432416898931905	0.2227679550860921	1.0	1.0	1.0	1.0
224.12625308062212	1.0	1.0	1.0	1.0	1.0	1.0	1.0	1.0	0.3427719398934434	0.7996810643963571	0.9593896968925439	0.588352588373742	1.0	1.0	1.0	1.0	1.0	1.0	1.0	1.0	0.34206515578582897	0.8130233836203288	0.9502054047455236	0.5934603837820012	0.6729663407357822	0.3765998683409001	0.7432416916318019	0.22276795508426758	1.0	1.0	1.0	1.0
225.12625308062212	1.0	1.0	1.0	1.0	1.0	1.0	1.0	1.0	0.342770555012052	0.7995967368165855	0.9594484382764292	0.5883390598126266	1.0	1.0	1.0	1.0	1.0	1.0	1.0	1.0	0.3420848809944992	0.812736394932078	0.9504826300144805	0.5933197064120141	0.6729663423428979	0.3765998679367869	0.7432416932414855	0.22276795508263203	1.0	1.0	1.0	1.0
226.12625308062212	1.0	1.0	1.0	1.0	1.0	1.0	1.0	1.0	0.34276920571754826	0.7995140241664477	0.9595056160542003	0.5883259749638599	1.0	1.0	1.0	1.0	1.0	1.0	1.0	1.0	0.3421040169730598	0.8124537690201444	0.9507532578844858	0.5931825324221651	0.6729663438315209	0.37659986756475206	0.743241694731802	0.22276795508116587	1.0	1.0	1.0	1.0
227.12625308062212	1.0	1.0	1.0	1.0	1.0	1.0	1.0	1.0	0.3427678910963134	0.7994328955203607	0.9595612718466688	0.5883133192756416	1.0	1.0	1.0	1.0	1.0	1.0	1.0	1.0	0.3421225811635279	0.8121754466329443	0.9510174404423106	0.5930487774544215	0.6729663452103876	0.3765998672222492	0.7432416961116033	0.22276795507985156	1.0	1.0	1.0	1.0
228.12625308062212	1.0	1.0	1.0	1.0	1.0	1.0	1.0	1.0	0.34276661025811644	0.7993533205448571	0.9596154461667641	0.5883010786733195	1.0	1.0	1.0	1.0	1.0	1.0	1.0	1.0	0.34214059049546697	0.8119013691326354	0.9512753264342462	0.5929183590773933	0.6729663464875902	0.3765998669069341	0.7432416973890845	0.22276795507867334	1.0	1.0	1.0	1.0
229.12625308062212	1.0	1.0	1.0	1.0	1.0	1.0	1.0	1.0	0.34276536233552124	0.7992752694872556	0.9596681784490227	0.588289239543751	1.0	1.0	1.0	1.0	1.0	1.0	1.0	1.0	0.34215806140094784	0.8116314784945311	0.9515270613337253	0.5927911967462475	0.6729663476706247	0.3765998666166485	0.7432416985718333	0.22276795507761715	1.0	1.0	1.0	1.0
230.12625308062212	1.0	1.0	1.0	1.0	1.0	1.0	1.0	1.0	0.3427641464833074	0.799198713164548	0.9597195070782943	0.5882777887201756	1.0	1.0	1.0	1.0	1.0	1.0	1.0	1.0	0.3421750098290752	0.8113657173062857	0.9517727874077847	0.5926672117633023	0.6729663487664339	0.3765998663494057	0.7432416996668747	0.22276795507667035	1.0	1.0	1.0	1.0
231.12625308062212	1.0	1.0	1.0	1.0	1.0	1.0	1.0	1.0	0.34276296187790595	0.7991236229524984	0.9597694694176822	0.5882667134675833	1.0	1.0	1.0	1.0	1.0	1.0	1.0	1.0	0.34219145126009254	0.8111040287668626	0.9520126437823795	0.5925463272392958	0.6729663497814491	0.3765998661033765	0.7432417006807127	0.22276795507582162	1.0	1.0	1.0	1.0
232.12625308062212	1.0	1.0	1.0	1.0	1.0	1.0	1.0	1.0	0.34276180771684905	0.7990499707749499	0.9598181018357406	0.5882560014685626	1.0	1.0	1.0	1.0	1.0	1.0	1.0	1.0	0.3422074007190771	0.8108463566852921	0.9522467665065616	0.5924284680553243	0.672966350721627	0.376599865876877	0.7432417016193689	0.22276795507506075	1.0	1.0	1.0	1.0
233.12625308062212	1.0	1.0	1.0	1.0	1.0	1.0	1.0	1.0	0.34276068321823294	0.7989777290933363	0.9598654397329485	0.5882456408096111	1.0	1.0	1.0	1.0	1.0	1.0	1.0	1.0	0.34222287278923774	0.8105926454792293	0.9524752886155354	0.5923135608254445	0.6729663515924856	0.37659986566835696	0.7432417024884184	0.22276795507437872	1.0	1.0	1.0	1.0
234.12625308062212	1.0	1.0	1.0	1.0	1.0	1.0	1.0	1.0	0.3427595876201946	0.7989068708963938	0.959911517567478	0.5882356199678951	1.0	1.0	1.0	1.0	1.0	1.0	1.0	1.0	0.34223788162482566	0.8103428401733194	0.9526983401926009	0.5922015338599339	0.6729663523991357	0.37659986547638913	0.7432417032930231	0.2227679550737673	1.0	1.0	1.0	1.0
235.12625308062212	1.0	1.0	1.0	1.0	1.0	1.0	1.0	1.0	0.34275852018040137	0.7988373696900686	0.9599563688802772	0.5882259277984428	1.0	1.0	1.0	1.0	1.0	1.0	1.0	1.0	0.34225244096367063	0.810096886397381	0.9529160484299988	0.5920923171292042	0.6729663531463115	0.37659986529965966	0.7432417040379617	0.2227679550732192	1.0	1.0	1.0	1.0
236.12625308062212	1.0	1.0	1.0	1.0	1.0	1.0	1.0	1.0	0.3427574801755533	0.7987691994876185	0.9600000263194854	0.5882165535217572	1.0	1.0	1.0	1.0	1.0	1.0	1.0	1.0	0.34226656413935275	0.8098547303844126	0.9531285376886693	0.5919858422283603	0.6729663538383979	0.37659986513695887	0.7432417047276592	0.22276795507272784	1.0	1.0	1.0	1.0
237.12625308062212	1.0	1.0	1.0	1.0	1.0	1.0	1.0	1.0	0.3427564669008978	0.7987023347999027	0.960042521664198	0.5882074867118343	1.0	1.0	1.0	1.0	1.0	1.0	1.0	1.0	0.34228026409302026	0.8096163189684322	0.9533359295569377	0.591882042342399	0.6729663544794567	0.3765998649871732	0.7432417053662116	0.2227679550722874	1.0	1.0	1.0	1.0
238.12625308062212	1.0	1.0	1.0	1.0	1.0	1.0	1.0	1.0	0.34275547966975667	0.7986367506258573	0.9600838858475994	0.5881987172845744	1.0	1.0	1.0	1.0	1.0	1.0	1.0	1.0	0.3422935533848643	0.8093815995821577	0.9535383429081391	0.5917808522120412	0.6729663550732502	0.3765998648492775	0.7432417059574118	0.22276795507189254	1.0	1.0	1.0	1.0
239.12625308062212	1.0	1.0	1.0	1.0	1.0	1.0	1.0	1.0	0.342754517813065	0.7985724224431529	0.9601241489794797	0.5881902354865727	1.0	1.0	1.0	1.0	1.0	1.0	1.0	1.0	0.34230644420525946	0.8091505202545333	0.9537358939571969	0.59168220810019	0.6729663556232632	0.37659986472232787	0.7432417065047712	0.22276795507153863	1.0	1.0	1.0	1.0
240.12625308062212	1.0	1.0	1.0	1.0	1.0	1.0	1.0	1.0	0.3427535806789212	0.7985093261990311	0.9601633403681523	0.5881820318842774	1.0	1.0	1.0	1.0	1.0	1.0	1.0	1.0	0.34231894838558086	0.8089230296081119	0.953928696316167	0.5915860477590085	0.6729663561327238	0.37659986460545547	0.7432417070115408	0.22276795507122135	1.0	1.0	1.0	1.0
241.12625308062212	1.0	1.0	1.0	1.0	1.0	1.0	1.0	1.0	0.34275266763214907	0.7984474383013158	0.9602014885417881	0.5881740973535031	1.0	1.0	1.0	1.0	1.0	1.0	1.0	1.0	0.3423310774087064	0.8086990768562985	0.9541168610487605	0.5914923103976093	0.6729663566046218	0.3765998644978603	0.7432417074807306	0.2227679550709369	1.0	1.0	1.0	1.0
242.12625308062212	1.0	1.0	1.0	1.0	1.0	1.0	1.0	1.0	0.34275177805387036	0.798386735609596	0.9602386212691815	0.5881664230692875	1.0	1.0	1.0	1.0	1.0	1.0	1.0	1.0	0.34234284241921353	0.8084786118004617	0.954300496723861	0.59140093665035	0.6729663570417267	0.37659986439880605	0.7432417079151273	0.22276795507068195	1.0	1.0	1.0	1.0
243.12625308062212	1.0	1.0	1.0	1.0	1.0	1.0	1.0	1.0	0.34275091134108815	0.7983271954265783	0.9602747655799637	0.5881590004960806	1.0	1.0	1.0	1.0	1.0	1.0	1.0	1.0	0.3423542542332796	0.8082615848269201	0.9544797094680467	0.5913118685457253	0.6729663574466038	0.37659986430761466	0.7432417083173112	0.22276795507045338	1.0	1.0	1.0	1.0
244.12625308062212	1.0	1.0	1.0	1.0	1.0	1.0	1.0	1.0	0.34275006690628107	0.798268795489603	0.9603099477842787	0.588151821378256	1.0	1.0	1.0	1.0	1.0	1.0	1.0	1.0	0.3423653233482939	0.80804794690381	0.9546546030171327	0.59122504947585	0.6729663578216294	0.37659986422366204	0.7432417086896708	0.2227679550702485	1.0	1.0	1.0	1.0
245.12625308062212	1.0	1.0	1.0	1.0	1.0	1.0	1.0	1.0	0.34274924417700736	0.7982115139623245	0.9603441934919342	0.588144877730932	1.0	1.0	1.0	1.0	1.0	1.0	1.0	1.0	0.34237605995219	0.8078376495778391	0.9548252787667462	0.5911404241665247	0.6729663581690043	0.37659986414637353	0.7432417090344178	0.2227679550700648	1.0	1.0	1.0	1.0
246.12625308062212	1.0	1.0	1.0	1.0	1.0	1.0	1.0	1.0	0.34274844259551923	0.7981553294265493	0.9603775276310441	0.5881381618310951	1.0	1.0	1.0	1.0	1.0	1.0	1.0	1.0	0.34238647393250676	0.8076306449709342	0.9549918358219494	0.591057938647876	0.6729663584907671	0.37659986407522017	0.7432417093535999	0.22276795506990016	1.0	1.0	1.0	1.0
247.12625308062212	1.0	1.0	1.0	1.0	1.0	1.0	1.0	1.0	0.34274766161838693	0.7981002208742305	0.9604099744661738	0.5881316662090126	1.0	1.0	1.0	1.0	1.0	1.0	1.0	1.0	0.3423965748851851	0.807426885776787	0.9551543710459216	0.5909775402255649	0.6729663587888064	0.3765998640097149	0.7432417096491128	0.22276795506975255	1.0	1.0	1.0	1.0
248.12625308062212	1.0	1.0	1.0	1.0	1.0	1.0	1.0	1.0	0.3427469007161322	0.7980461676996157	0.9604415576160029	0.5881253836399278	1.0	1.0	1.0	1.0	1.0	1.0	1.0	1.0	0.34240637212310904	0.8072263252573041	0.9553129791077162	0.590899177452554	0.6729663590648712	0.3765998639494094	0.7432417099227119	0.22276795506962024	1.0	1.0	1.0	1.0
249.12625308062212	1.0	1.0	1.0	1.0	1.0	1.0	1.0	1.0	0.34274615937287106	0.7979931496915446	0.9604723000705179	0.5881193071360277	1.0	1.0	1.0	1.0	1.0	1.0	1.0	1.0	0.3424158746843978	0.8070289172389661	0.955467752529104	0.5908228001014275	0.6729663593205818	0.37659986389389094	0.743241710176022	0.22276795506950164	1.0	1.0	1.0	1.0
250.12625308062212	1.0	1.0	1.0	1.0	1.0	1.0	1.0	1.0	0.342745437085966	0.7979411470258946	0.9605022242077467	0.5881134299386727	1.0	1.0	1.0	1.0	1.0	1.0	1.0	1.0	0.3424250913404568	0.8068346161091015	0.9556187817305187	0.5907483591372543	0.6729663595574388	0.3765998638427795	0.7432417104105479	0.22276795506939534	1.0	1.0	1.0	1.0
251.12625308062212	1.0	1.0	1.0	1.0	1.0	1.0	1.0	1.0	0.3427447333656864	0.7978901402581703	0.9605313518100483	0.5881077455108824	1.0	1.0	1.0	1.0	1.0	1.0	1.0	1.0	0.34243403060379335	0.8066433768120799	0.9557661550761156	0.5906758066909884	0.6729663597768323	0.3765998637957253	0.7432417106276823	0.22276795506930003	1.0	1.0	1.0	1.0
252.12625308062212	1.0	1.0	1.0	1.0	1.0	1.0	1.0	1.0	0.34274404773487804	0.7978401103162353	0.9605597040799687	0.5881022475300668	1.0	1.0	1.0	1.0	1.0	1.0	1.0	1.0	0.34244270073560557	0.8064551548454297	0.9559099589179589	0.5906050960333965	0.6729663599800498	0.3765998637524062	0.7432417108287149	0.2227679550692146	1.0	1.0	1.0	1.0
253.12625308062212	1.0	1.0	1.0	1.0	1.0	1.0	1.0	1.0	0.34274337972864094	0.7977910384931823	0.9605873016556741	0.5880969298809959	1.0	1.0	1.0	1.0	1.0	1.0	1.0	1.0	0.3424511097531495	0.8062699062558845	0.9560502776393499	0.590536181549507	0.6729663601682842	0.3765998637125258	0.7432417110148398	0.222767955069138	1.0	1.0	1.0	1.0
254.12625308062212	1.0	1.0	1.0	1.0	1.0	1.0	1.0	1.0	0.34274272889401514	0.7977429064403408	0.9606141646259742	0.5880917866490002	1.0	1.0	1.0	1.0	1.0	1.0	1.0	1.0	0.342459265436892	0.8060875876353625	0.9561871936973093	0.5904690187135714	0.6729663603426399	0.37659986367581105	0.7432417111871625	0.22276795506906932	1.0	1.0	1.0	1.0
255.12625308062212	1.0	1.0	1.0	1.0	1.0	1.0	1.0	1.0	0.34274209478967477	0.7976956961604174	0.9606403125449454	0.5880868121133934	1.0	1.0	1.0	1.0	1.0	1.0	1.0	1.0	0.34246717533745463	0.8059081561168847	0.9563207876642281	0.59040356406453	0.6729663605041405	0.3765998636420107	0.7432417113467066	0.22276795506900776	1.0	1.0	1.0	1.0
256.1262530806221	1.0	1.0	1.0	1.0	1.0	1.0	1.0	1.0	0.34274147698562984	0.7976493900007678	0.9606657644461644	0.5880820007411116	1.0	1.0	1.0	1.0	1.0	1.0	1.0	1.0	0.34247484678235574	0.8057315693704339	0.9564511382686985	0.5903397751819751	0.6729663606537336	0.3765998636108934	0.7432417114944195	0.22276795506895258	1.0	1.0	1.0	1.0
257.1262530806221	1.0	1.0	1.0	1.0	1.0	1.0	1.0	1.0	0.34274087506293555	0.7976039706467986	0.9606905388565629	0.5880773471805604	1.0	1.0	1.0	1.0	1.0	1.0	1.0	1.0	0.3424822868825555	0.80555778559876	0.9565783224355395	0.5902776106626029	0.6729663607922972	0.37659986358224623	0.7432417116311788	0.22276795506890312	1.0	1.0	1.0	1.0
258.1262530806221	1.0	1.0	1.0	1.0	1.0	1.0	1.0	1.0	0.34274028861340905	0.7975594211154928	0.9607146538099139	0.5880728462556635	1.0	1.0	1.0	1.0	1.0	1.0	1.0	1.0	0.3424895025388102	0.8053867635331353	0.9567024153250289	0.5902170300971469	0.6729663609206445	0.37659986355587305	0.7432417117577965	0.2227679550688588	1.0	1.0	1.0	1.0
259.1262530806221	1.0	1.0	1.0	1.0	1.0	1.0	1.0	1.0	0.3427397172393534	0.7975157247490625	0.9607381268599592	0.5880684929601074	1.0	1.0	1.0	1.0	1.0	1.0	1.0	1.0	0.3424965004478414	0.805218462429063	0.9568234903713555	0.5901579940477845	0.6729663610395288	0.37659986353159336	0.7432417118750249	0.22276795506881905	1.0	1.0	1.0	1.0
260.1262530806221	1.0	1.0	1.0	1.0	1.0	1.0	1.0	1.0	0.34273916055328874	0.7974728652087203	0.9607609750931864	0.5880642824517739	1.0	1.0	1.0	1.0	1.0	1.0	1.0	1.0	0.3425032871083249	0.8050528420619432	0.9569416193203045	0.5901004640260096	0.6729663611496477	0.37659986350924096	0.74324171198356	0.2227679550687834	1.0	1.0	1.0	1.0
261.1262530806221	1.0	1.0	1.0	1.0	1.0	1.0	1.0	1.0	0.34273861817768997	0.7974308264685713	0.9607832151412669	0.5880602100473553	1.0	1.0	1.0	1.0	1.0	1.0	1.0	1.0	0.34250986882670503	0.8048898627226994	0.9570568722661873	0.5900444024709631	0.6729663612516475	0.37659986348866287	0.7432417120840468	0.22276795506875147	1.0	1.0	1.0	1.0
262.1262530806221	1.0	1.0	1.0	1.0	1.0	1.0	1.0	1.0	0.3427380897447316	0.7973895928096218	0.9608048631931624	0.5880562712171464	1.0	1.0	1.0	1.0	1.0	1.0	1.0	1.0	0.3425162517228395	0.8047294852133691	0.9571693176880299	0.5899897727282138	0.6729663613461269	0.3765998634697183	0.7432417121770818	0.22276795506872282	1.0	1.0	1.0	1.0
263.1262530806221	1.0	1.0	1.0	1.0	1.0	1.0	1.0	1.0	0.34273757489603857	0.7973491488139028	0.9608259350069092	0.5880524615800072	1.0	1.0	1.0	1.0	1.0	1.0	1.0	1.0	0.34252244173547913	0.804571670842662	0.9572790224850323	0.589936539028982	0.6729663614336402	0.37659986345227753	0.7432417122632178	0.22276795506869715	1.0	1.0	1.0	1.0
264.1262530806221	1.0	1.0	1.0	1.0	1.0	1.0	1.0	1.0	0.34273707328244407	0.7973094793587053	0.9608464459210885	0.5880487768984907	1.0	1.0	1.0	1.0	1.0	1.0	1.0	1.0	0.342528444627588	0.8044163814214882	0.9573860520113099	0.5898846664697981	0.6729663615147012	0.3765998634362212	0.7432417123429663	0.22276795506867414	1.0	1.0	1.0	1.0
265.1262530806221	1.0	1.0	1.0	1.0	1.0	1.0	1.0	1.0	0.34273658456375294	0.7972705696109268	0.960866410865992	0.58804521307413	1.0	1.0	1.0	1.0	1.0	1.0	1.0	1.0	0.3425342659915082	0.8042635792584598	0.9574904701099307	0.5898341209925895	0.6729663615897856	0.3765998634214394	0.743241712416801	0.22276795506865352	1.0	1.0	1.0	1.0
266.1262530806221	1.0	1.0	1.0	1.0	1.0	1.0	1.0	1.0	0.34273610840851154	0.7972324050215256	0.9608858443744898	0.5880417661428814	1.0	1.0	1.0	1.0	1.0	1.0	1.0	1.0	0.3425399112539734	0.8041132271553699	0.95759233914626	0.589784869365187	0.672966361659334	0.37659986340783097	0.7432417124851605	0.22276795506863503	1.0	1.0	1.0	1.0
267.1262530806221	1.0	1.0	1.0	1.0	1.0	1.0	1.0	1.0	0.3427356444937833	0.7971949713200813	0.960904760592609	0.5880384322707146	1.0	1.0	1.0	1.0	1.0	1.0	1.0	1.0	0.3425453856809766	0.8039652884026492	0.9576917200406233	0.5897368791622449	0.6729663617237546	0.37659986339530277	0.7432417125484507	0.22276795506861846	1.0	1.0	1.0	1.0
268.1262530806221	1.0	1.0	1.0	1.0	1.0	1.0	1.0	1.0	0.3427351925049301	0.7971582545094593	0.9609231732898311	0.5880352077493499	1.0	1.0	1.0	1.0	1.0	1.0	1.0	1.0	0.34255069438249547	0.8038197267748062	0.9577886723003022	0.5896901187465657	0.6729663617834254	0.37659986338376905	0.7432417126070476	0.2227679550686036	1.0	1.0	1.0	1.0
269.1262530806221	1.0	1.0	1.0	1.0	1.0	1.0	1.0	1.0	0.3427347521353993	0.7971222408605779	0.9609410958691151	0.5880320889921333	1.0	1.0	1.0	1.0	1.0	1.0	1.0	1.0	0.3425558423170795	0.8036765065258501	0.9578832540508717	0.5896445572508239	0.6729663618386967	0.3765998633731509	0.7432417126612992	0.2227679550685903	1.0	1.0	1.0	1.0
270.1262530806221	1.0	1.0	1.0	1.0	1.0	1.0	1.0	1.0	0.34273432308651586	0.797086916907275	0.9609585413766535	0.5880290725300481	1.0	1.0	1.0	1.0	1.0	1.0	1.0	1.0	0.3425608342963031	0.8035355923847026	0.9579755220668933	0.5896001645596803	0.6729663618898929	0.3765998633633756	0.7432417127115278	0.22276795506857835	1.0	1.0	1.0	1.0
271.1262530806221	1.0	1.0	1.0	1.0	1.0	1.0	1.0	1.0	0.3427339050672805	0.7970522694412734	0.960975522511369	0.5880261550078566	1.0	1.0	1.0	1.0	1.0	1.0	1.0	1.0	0.342565674989089	0.8033969495505975	0.9580655318019731	0.5895569112922815	0.6729663619373144	0.37659986335437623	0.7432417127580316	0.22276795506856767	1.0	1.0	1.0	1.0
272.1262530806221	1.0	1.0	1.0	1.0	1.0	1.0	1.0	1.0	0.3427334977941722	0.7970182855072426	0.9609920516341585	0.5880233331803686	1.0	1.0	1.0	1.0	1.0	1.0	1.0	1.0	0.34257036892590503	0.8032605436884728	0.9581533374181986	0.5895147687851344	0.6729663619812395	0.37659986334609125	0.743241712801087	0.2227679550685581	1.0	1.0	1.0	1.0
273.1262530806221	1.0	1.0	1.0	1.0	1.0	1.0	1.0	1.0	0.3427331009909565	0.7969849523979547	0.9610081407768905	0.5880206039088323	1.0	1.0	1.0	1.0	1.0	1.0	1.0	1.0	0.3425749205028379	0.8031263409243566	0.9582389918149635	0.589473709075353	0.672966362021926	0.37659986333846396	0.7432417128409495	0.2227679550685495	1.0	1.0	1.0	1.0
274.1262530806221	1.0	1.0	1.0	1.0	1.0	1.0	1.0	1.0	0.34273271438849795	0.7969522576495337	0.9610238016511636	0.5880179641574431	1.0	1.0	1.0	1.0	1.0	1.0	1.0	1.0	0.3425793339855484	0.8029943078407494	0.9583225466571923	0.5894337048842668	0.6729663620596126	0.3765998633314421	0.743241712877856	0.22276795506854177	1.0	1.0	1.0	1.0
275.1262530806221	1.0	1.0	1.0	1.0	1.0	1.0	1.0	1.0	0.3427323377245782	0.7969201890367948	0.9610390456568315	0.5880154109899678	1.0	1.0	1.0	1.0	1.0	1.0	1.0	1.0	0.34258361351311073	0.8028644114720034	0.9584040524029759	0.5893947296013864	0.6729663620945207	0.3765998633249776	0.7432417129120257	0.22276795506853486	1.0	1.0	1.0	1.0
276.1262530806221	1.0	1.0	1.0	1.0	1.0	1.0	1.0	1.0	0.34273197074371803	0.7968887345686743	0.9610538838903012	0.5880129415664783	1.0	1.0	1.0	1.0	1.0	1.0	1.0	1.0	0.3425877631017395	0.8027366192997034	0.9584835583306287	0.5893567572687182	0.6729663621268549	0.3765998633190263	0.7432417129436615	0.22276795506852864	1.0	1.0	1.0	1.0
277.1262530806221	1.0	1.0	1.0	1.0	1.0	1.0	1.0	1.0	0.34273161319700457	0.7968578824837453	0.9610683271526101	0.5880105531401936	1.0	1.0	1.0	1.0	1.0	1.0	1.0	1.0	0.3425917866484078	0.8026108992480487	0.958561112565178	0.5893197625654232	0.6729663621568052	0.3765998633135474	0.7432417129729513	0.22276795506852307	1.0	1.0	1.0	1.0
278.1262530806221	1.0	1.0	1.0	1.0	1.0	1.0	1.0	1.0	0.3427312648419223	0.7968276212458212	0.9610823859572887	0.5880082430544243	1.0	1.0	1.0	1.0	1.0	1.0	1.0	1.0	0.3425956879343594	0.8024872196792393	0.9586367621042958	0.5892837207928111	0.6729663621845472	0.37659986330850337	0.743241713000069	0.2227679550685181	1.0	1.0	1.0	1.0
279.1262530806221	1.0	1.0	1.0	1.0	1.0	1.0	1.0	1.0	0.3427309254421888	0.7967979395396413	0.9610960705380129	0.5880060087396185	1.0	1.0	1.0	1.0	1.0	1.0	1.0	1.0	0.3425994706285181	0.8023655493888671	0.9587105528436844	0.5892486078596655	0.6729663622102438	0.37659986330385975	0.7432417130251759	0.22276795506851363	1.0	1.0	1.0	1.0
280.1262530806221	1.0	1.0	1.0	1.0	1.0	1.0	1.0	1.0	0.34273059476759477	0.7967688262666409	0.9611093908560543	0.5880038477105032	1.0	1.0	1.0	1.0	1.0	1.0	1.0	1.0	0.3426031382907974	0.8022458576013148	0.958782529601925	0.5892144002678918	0.6729663622340457	0.3765998632995848	0.743241713048421	0.22276795506850963	1.0	1.0	1.0	1.0
281.1262530806221	1.0	1.0	1.0	1.0	1.0	1.0	1.0	1.0	0.34273027259384786	0.7967402705408011	0.9611223566075303	0.5880017575633204	1.0	1.0	1.0	1.0	1.0	1.0	1.0	1.0	0.34260669437531344	0.8021281139651639	0.9588527361447992	0.589181075098484	0.6729663622560927	0.37659986329564915	0.7432417130699424	0.22276795506850605	1.0	1.0	1.0	1.0
282.1262530806221	1.0	1.0	1.0	1.0	1.0	1.0	1.0	1.0	0.3427299587024208	0.7967122616845785	0.9611349772304625	0.5879997359731537	1.0	1.0	1.0	1.0	1.0	1.0	1.0	1.0	0.34261014223350333	0.802012288548612	0.958921215209095	0.589148609997801	0.6729663622765143	0.37659986329202594	0.7432417130898678	0.22276795506850283	1.0	1.0	1.0	1.0
283.1262530806221	1.0	1.0	1.0	1.0	1.0	1.0	1.0	1.0	0.342729652880403	0.7966847892249133	0.9611472619116466	0.5879977806913423	1.0	1.0	1.0	1.0	1.0	1.0	1.0	1.0	0.3426134851171529	0.8018983518349027	0.958988008525906	0.5891169831641494	0.6729663622954302	0.3765998632886903	0.7432417131083155	0.22276795506849997	1.0	1.0	1.0	1.0
284.1262530806221	1.0	1.0	1.0	1.0	1.0	1.0	1.0	1.0	0.34272935492035667	0.7966578428893127	0.96115921959334	0.5879958895429802	1.0	1.0	1.0	1.0	1.0	1.0	1.0	1.0	0.3426167261813354	0.8017862747177688	0.9590531568434324	0.5890861733346645	0.6729663623129514	0.3765998632856194	0.7432417131253953	0.2227679550684974	1.0	1.0	1.0	1.0
285.1262530806221	1.0	1.0	1.0	1.0	1.0	1.0	1.0	1.0	0.34272906462017577	0.7966314126020108	0.961170858979771	0.5879940604244966	1.0	1.0	1.0	1.0	1.0	1.0	1.0	1.0	0.3426198684872639	0.8016760284968898	0.9591166999492952	0.5890561597724854	0.6729663623291807	0.3765998632827923	0.7432417131412086	0.22276795506849506	1.0	1.0	1.0	1.0
286.1262530806221	1.0	1.0	1.0	1.0	1.0	1.0	1.0	1.0	0.34272878178294924	0.7966054884802004	0.961182188543474	0.587992291301317	1.0	1.0	1.0	1.0	1.0	1.0	1.0	1.0	0.34262291500506076	0.8015675848733651	0.9591786766923727	0.5890269222542164	0.6729663623442135	0.3765998632801897	0.7432417131558492	0.22276795506849298	1.0	1.0	1.0	1.0
287.1262530806221	1.0	1.0	1.0	1.0	1.0	1.0	1.0	1.0	0.34272850621682754	0.7965800608303385	0.9611932165314582	0.5879905802055997	1.0	1.0	1.0	1.0	1.0	1.0	1.0	1.0	0.3426258686164453	0.8014609159452045	0.9592391250041673	0.5889984410576709	0.6729663623581379	0.3765998632777936	0.7432417131694041	0.22276795506849112	1.0	1.0	1.0	1.0
288.1262530806221	1.0	1.0	1.0	1.0	1.0	1.0	1.0	1.0	0.34272823773489247	0.7965551201445211	0.9612039509712094	0.5879889252340472	1.0	1.0	1.0	1.0	1.0	1.0	1.0	1.0	0.34262873211734307	0.8013559942028368	0.9592980819197128	0.5889706969498903	0.6729663623710356	0.37659986327558775	0.7432417131819539	0.22276795506848945	1.0	1.0	1.0	1.0
289.1262530806221	1.0	1.0	1.0	1.0	1.0	1.0	1.0	1.0	0.3427279761550305	0.7965306570969289	0.9612143996765342	0.5879873245457894	1.0	1.0	1.0	1.0	1.0	1.0	1.0	1.0	0.3426315082204187	0.8012527925246375	0.9593555835980306	0.5889436711754342	0.6729663623829824	0.376599863273557	0.743241713193573	0.22276795506848796	1.0	1.0	1.0	1.0
290.1262530806221	1.0	1.0	1.0	1.0	1.0	1.0	1.0	1.0	0.3427277212998093	0.7965066625403397	0.9612245702532477	0.5879857763603357	1.0	1.0	1.0	1.0	1.0	1.0	1.0	1.0	0.34263419955753416	0.8011512841724779	0.9594116653421445	0.5889173454449345	0.6729663623940483	0.37659986327168743	0.7432417132043305	0.2227679550684866	1.0	1.0	1.0	1.0
291.1262530806221	1.0	1.0	1.0	1.0	1.0	1.0	1.0	1.0	0.3427274729963575	0.7964831275027086	0.9612344701047095	0.5879842789555949	1.0	1.0	1.0	1.0	1.0	1.0	1.0	1.0	0.34263680868213525	0.8010514427872941	0.9594663616186613	0.5888917019239094	0.6729663624042983	0.37659986326996625	0.7432417132142902	0.2227679550684854	1.0	1.0	1.0	1.0
291.1262530806221	1.0	1.0	1.0	1.0	1.0	1.0	1.0	1.0	0.3427274729963575	0.7964831275027086	0.9612344701047095	0.5879842789555949	1.0	1.0	1.0	1.0	1.0	1.0	1.0	1.0	0.34263680868213525	0.8010514427872941	0.9594663616186613	0.5888917019239094	0.6729663624042983	0.37659986326996625	0.7432417132142902	0.2227679550684854	1.0	1.0	1.0	1.0
